GISJOIN,YEAR,STATE,STATEA,COUNTY,COUNTYA,PRETRACTA,TRACTA,POSTTRCTA,AREANAME,BLW001,BM4001,BM4002,BM4003,BM4004,BM4005,BMX001,BMY001,BMY002,BMY003,BMZ001,BMZ002,BMZ003,BMZ004,BMZ005,BMZ006,BMZ007,BMZ008,BMZ009,BMZ010,BMZ011
"G18009700001","1930","Indiana","18","Marion","097",,"0001",,"Tract    0001     in Indianapolis IN",1642,1469,103,36,34,0,410,228,169,13,7,10,33,60,105,9,1,2,0,0,1
"G18009700002","1930","Indiana","18","Marion","097",,"0002",,"Tract    0002     in Indianapolis IN",2690,2436,198,55,1,0,675,304,351,20,1,0,1,57,152,77,6,5,1,1,3
"G18009700003","1930","Indiana","18","Marion","097",,"0003",,"Tract    0003     in Indianapolis IN",1050,931,51,12,56,0,264,174,90,0,6,6,7,33,89,31,0,2,0,0,0
"G18009700004","1930","Indiana","18","Marion","097",,"0004",,"Tract    0004     in Indianapolis IN",3434,2715,215,56,448,0,858,426,425,7,3,18,38,87,209,56,4,1,0,1,9
"G18009700005","1930","Indiana","18","Marion","097",,"0005",,"Tract    0005     in Indianapolis IN",799,746,32,6,13,2,195,139,56,0,6,13,13,42,58,7,0,0,0,0,0
"G18009700006","1930","Indiana","18","Marion","097",,"0006",,"Tract    0006     in Indianapolis IN",3135,2628,306,69,132,0,929,666,261,2,7,6,6,14,196,400,30,7,0,0,0
"G18009700007","1930","Indiana","18","Marion","097",,"0007",,"Tract    0007     in Indianapolis IN",6429,5510,714,200,5,0,1838,992,830,16,1,3,10,51,334,463,86,27,4,0,13
"G18009700008","1930","Indiana","18","Marion","097",,"0008",,"Tract    0008     in Indianapolis IN",1559,516,48,16,979,0,398,235,160,3,35,44,48,58,37,9,1,1,0,0,2
"G18009700009","1930","Indiana","18","Marion","097",,"0009",,"Tract    0009     in Indianapolis IN",1650,681,38,15,916,0,364,169,191,4,14,18,42,59,28,7,0,0,0,1,0
"G18009700010","1930","Indiana","18","Marion","097",,"0010",,"Tract    0010     in Indianapolis IN",3408,2923,252,80,153,0,899,355,535,9,1,13,33,116,161,27,3,0,0,0,1
"G18009700011","1930","Indiana","18","Marion","097",,"0011",,"Tract    0011     in Indianapolis IN",4961,3912,625,230,194,0,1328,680,639,9,0,8,12,39,283,287,27,16,1,2,5
"G18009700012","1930","Indiana","18","Marion","097",,"0012",,"Tract    0012     in Indianapolis IN",3438,1756,231,78,1372,1,961,273,674,14,0,11,16,48,124,61,11,2,0,0,0
"G18009700013","1930","Indiana","18","Marion","097",,"0013",,"Tract    0013     in Indianapolis IN",2915,335,34,15,2531,0,761,165,503,93,3,20,29,66,38,6,0,0,0,0,3
"G18009700014","1930","Indiana","18","Marion","097",,"0014",,"Tract    0014     in Indianapolis IN",2775,27,3,1,2744,0,744,185,553,6,7,16,44,63,44,10,0,0,0,0,1
"G18009700015","1930","Indiana","18","Marion","097",,"0015",,"Tract    0015     in Indianapolis IN",1346,1043,142,34,127,0,367,178,167,22,0,5,3,17,67,47,19,10,3,6,1
"G18009700016","1930","Indiana","18","Marion","097",,"0016",,"Tract    0016     in Indianapolis IN",7367,6002,851,232,282,0,2095,753,1316,26,0,2,2,22,110,344,146,74,26,14,13
"G18009700017","1930","Indiana","18","Marion","097",,"0017",,"Tract    0017     in Indianapolis IN",5155,3057,366,121,1611,0,1399,365,1013,21,0,3,6,32,167,116,21,12,4,1,3
"G18009700018","1930","Indiana","18","Marion","097",,"0018",,"Tract    0018     in Indianapolis IN",8069,6663,955,252,197,2,2528,601,1904,23,0,1,2,7,86,176,121,121,40,39,8
"G18009700019","1930","Indiana","18","Marion","097",,"0019",,"Tract    0019     in Indianapolis IN",8979,6928,1197,285,559,10,2946,464,2457,25,1,0,0,4,37,76,86,106,46,108,0
"G18009700020","1930","Indiana","18","Marion","097",,"0020",,"Tract    0020     in Indianapolis IN",3627,535,54,25,3012,1,960,163,786,11,0,1,6,21,88,33,11,1,1,1,0
"G18009700021","1930","Indiana","18","Marion","097",,"0021",,"Tract    0021     in Indianapolis IN",7177,4867,967,290,1049,4,2050,693,1336,21,1,0,2,13,95,327,127,79,24,18,7
"G18009700022","1930","Indiana","18","Marion","097",,"0022",,"Tract    0022     in Indianapolis IN",6182,100,44,25,6008,5,1903,292,1565,46,7,17,56,78,74,34,7,4,0,0,15
"G18009700023","1930","Indiana","18","Marion","097",,"0023",,"Tract    0023     in Indianapolis IN",924,718,124,39,43,0,240,97,141,2,4,11,15,30,27,9,1,0,0,0,0
"G18009700024","1930","Indiana","18","Marion","097",,"0024",,"Tract    0024     in Indianapolis IN",3173,2642,313,90,128,0,864,460,398,6,1,11,24,61,210,139,7,5,0,0,2
"G18009700025","1930","Indiana","18","Marion","097",,"0025",,"Tract    0025     in Indianapolis IN",2318,1674,210,70,364,0,641,310,327,4,3,10,28,58,98,85,18,7,3,0,0
"G18009700026","1930","Indiana","18","Marion","097",,"0026",,"Tract    0026     in Indianapolis IN",2005,20,10,14,1961,0,575,183,382,10,6,7,13,27,100,18,0,0,0,0,12
"G18009700027","1930","Indiana","18","Marion","097",,"0027",,"Tract    0027     in Indianapolis IN",5671,3357,326,100,1887,1,1531,606,873,52,1,10,33,116,283,116,12,2,0,1,32
"G18009700028","1930","Indiana","18","Marion","097",,"0028",,"Tract    0028     in Indianapolis IN",4099,3634,368,96,1,0,1125,617,501,7,0,0,4,34,262,263,31,10,1,2,10
"G18009700029","1930","Indiana","18","Marion","097",,"0029",,"Tract    0029     in Indianapolis IN",1482,1279,137,51,15,0,421,276,143,2,1,1,3,14,104,109,11,8,4,21,0
"G18009700030","1930","Indiana","18","Marion","097",,"0030",,"Tract    0030     in Indianapolis IN",3354,640,133,40,2539,2,952,409,529,14,2,6,7,23,214,132,12,9,0,0,4
"G18009700031","1930","Indiana","18","Marion","097",,"0031",,"Tract    0031     in Indianapolis IN",3648,2832,610,164,42,0,1038,351,677,10,0,1,0,4,40,157,81,34,11,22,1
"G18009700032","1930","Indiana","18","Marion","097",,"0032",,"Tract    0032     in Indianapolis IN",3780,2800,669,287,24,0,1078,543,527,8,0,0,0,0,7,89,229,169,16,26,7
"G18009700033","1930","Indiana","18","Marion","097",,"0033",,"Tract    0033     in Indianapolis IN",6088,5041,766,210,70,1,1813,726,1046,41,0,0,2,6,105,223,130,138,56,55,11
"G18009700034","1930","Indiana","18","Marion","097",,"0034",,"Tract    0034     in Indianapolis IN",4149,3228,680,173,66,2,1297,663,622,12,0,0,1,0,0,51,121,256,118,108,8
"G18009700035","1930","Indiana","18","Marion","097",,"0035",,"Tract    0035     in Indianapolis IN",4357,3459,640,173,85,0,1451,390,1051,10,0,0,2,2,46,156,108,48,11,12,5
"G18009700036","1930","Indiana","18","Marion","097",,"0036",,"Tract    0036     in Indianapolis IN",4168,3147,795,179,46,1,1126,757,365,4,0,0,1,0,12,78,173,282,92,114,5
"G18009700037","1930","Indiana","18","Marion","097",,"0037",,"Tract    0037     in Indianapolis IN",4275,3520,441,137,176,1,1215,785,423,7,0,1,0,3,134,328,137,77,23,71,11
"G18009700038","1930","Indiana","18","Marion","097",,"0038",,"Tract    0038     in Indianapolis IN",1551,1418,55,13,65,0,279,117,152,10,5,5,6,47,50,2,0,0,0,0,2
"G18009700039","1930","Indiana","18","Marion","097",,"0039",,"Tract    0039     in Indianapolis IN",3084,2359,583,114,27,1,821,610,209,2,0,1,0,1,16,133,136,153,73,97,0
"G18009700040","1930","Indiana","18","Marion","097",,"0040",,"Tract    0040     in Indianapolis IN",1714,1581,109,24,0,0,464,339,121,4,2,6,7,21,222,69,6,2,0,0,4
"G18009700041","1930","Indiana","18","Marion","097",,"0041",,"Tract    0041     in Indianapolis IN",3696,2964,574,141,16,1,1055,708,331,16,1,0,0,3,28,205,180,168,75,43,5
"G18009700042","1930","Indiana","18","Marion","097",,"0042",,"Tract    0042     in Indianapolis IN",2602,2113,347,105,36,1,734,640,88,6,0,0,0,1,9,57,131,205,111,116,10
"G18009700043","1930","Indiana","18","Marion","097",,"0043",,"Tract    0043     in Indianapolis IN",3418,2798,478,114,28,0,1022,740,276,6,0,1,2,2,15,133,190,190,87,116,4
"G18009700044","1930","Indiana","18","Marion","097",,"0044",,"Tract    0044     in Indianapolis IN",3884,3334,442,87,21,0,1151,900,240,11,0,2,0,3,46,192,172,303,100,76,6
"G18009700045","1930","Indiana","18","Marion","097",,"0045",,"Tract    0045     in Indianapolis IN",1684,1500,141,40,3,0,472,316,151,5,2,5,5,35,78,149,24,7,4,0,7
"G18009700046","1930","Indiana","18","Marion","097",,"0046",,"Tract    0046     in Indianapolis IN",1649,1406,203,33,7,0,468,380,83,5,1,2,1,3,36,173,96,39,14,13,2
"G18009700047","1930","Indiana","18","Marion","097",,"0047",,"Tract    0047     in Indianapolis IN",3910,3274,525,102,9,0,1127,707,408,12,0,1,0,7,104,469,94,29,0,1,2
"G18009700048","1930","Indiana","18","Marion","097",,"0048",,"Tract    0048     in Indianapolis IN",2347,2021,259,67,0,0,765,414,343,8,1,1,1,13,89,276,25,8,0,0,0
"G18009700049","1930","Indiana","18","Marion","097",,"0049",,"Tract    0049     in Indianapolis IN",2535,2064,371,95,5,0,702,365,327,10,0,1,0,3,92,209,41,14,1,1,3
"G18009700050","1930","Indiana","18","Marion","097",,"0050",,"Tract    0050     in Indianapolis IN",3861,2849,772,237,2,1,966,552,409,5,0,1,5,29,136,306,54,17,1,1,2
"G18009700051","1930","Indiana","18","Marion","097",,"0051",,"Tract    0051     in Indianapolis IN",3789,3061,565,160,2,1,1012,463,539,10,0,1,1,23,216,194,22,3,3,0,0
"G18009700052","1930","Indiana","18","Marion","097",,"0052",,"Tract    0052     in Indianapolis IN",4173,3166,730,200,77,0,985,379,595,11,0,0,3,23,124,180,34,5,1,1,8
"G18009700053","1930","Indiana","18","Marion","097",,"0053",,"Tract    0053     in Indianapolis IN",4796,3676,804,238,78,0,1247,370,864,13,0,5,17,48,163,100,21,7,2,3,4
"G18009700054","1930","Indiana","18","Marion","097",,"0054",,"Tract    0054     in Indianapolis IN",5551,4442,602,215,288,4,1540,226,1288,26,0,3,5,29,97,67,9,5,1,2,8
"G18009700055","1930","Indiana","18","Marion","097",,"0055",,"Tract    0055     in Indianapolis IN",7820,6336,768,254,448,14,2334,95,2177,62,1,0,0,7,19,25,11,19,4,8,1
"G18009700056","1930","Indiana","18","Marion","097",,"0056",,"Tract    0056     in Indianapolis IN",6885,4499,595,179,1586,26,1996,35,1825,136,0,0,0,0,3,7,3,5,1,15,1
"G18009700057","1930","Indiana","18","Marion","097",,"0057",,"Tract    0057     in Indianapolis IN",5283,1085,298,277,3622,1,1372,225,1136,11,1,11,16,56,104,29,5,2,0,0,1
"G18009700058","1930","Indiana","18","Marion","097",,"0058",,"Tract    0058     in Indianapolis IN",3545,1798,177,87,1483,0,779,153,604,22,2,17,30,43,50,6,3,0,0,0,2
"G18009700059","1930","Indiana","18","Marion","097",,"0059",,"Tract    0059     in Indianapolis IN",4792,3266,484,250,792,0,1227,761,431,35,6,25,48,138,401,124,9,3,1,1,5
"G18009700060","1930","Indiana","18","Marion","097",,"0060",,"Tract    0060     in Indianapolis IN",1185,1057,82,46,0,0,326,198,122,6,3,13,5,77,62,34,1,1,0,1,1
"G18009700061","1930","Indiana","18","Marion","097",,"0061",,"Tract    0061     in Indianapolis IN",2191,1928,200,63,0,0,554,254,298,2,2,10,17,49,125,44,1,3,2,0,1
"G18009700062","1930","Indiana","18","Marion","097",,"0062",,"Tract    0062     in Indianapolis IN",2471,1140,807,524,0,0,569,296,268,5,0,6,18,77,152,34,5,4,0,0,0
"G18009700063","1930","Indiana","18","Marion","097",,"0063",,"Tract    0063     in Indianapolis IN",3687,2469,379,169,670,0,929,304,620,5,3,6,31,95,114,34,2,4,1,0,14
"G18009700064","1930","Indiana","18","Marion","097",,"0064",,"Tract    0064     in Indianapolis IN",3129,2600,240,152,137,0,291,147,141,3,5,6,22,38,57,17,1,1,0,0,0
"G18009700065","1930","Indiana","18","Marion","097",,"0065",,"Tract    0065     in Indianapolis IN",3273,2766,391,113,3,0,816,497,309,10,2,1,4,30,243,197,12,8,0,0,0
"G18009700066","1930","Indiana","18","Marion","097",,"0066",,"Tract    0066     in Indianapolis IN",3037,2737,220,58,14,8,750,218,526,6,1,25,36,67,77,11,1,0,0,0,0
"G18009700067","1930","Indiana","18","Marion","097",,"0067",,"Tract    0067     in Indianapolis IN",2729,2374,293,48,13,1,797,446,338,13,0,1,3,3,28,136,133,102,30,6,4
"G18009700068","1930","Indiana","18","Marion","097",,"0068",,"Tract    0068     in Indianapolis IN",3448,2864,469,110,5,0,946,554,386,6,0,0,0,10,101,340,72,22,4,5,0
"G18009700069","1930","Indiana","18","Marion","097",,"0069",,"Tract    0069     in Indianapolis IN",3124,2686,348,77,13,0,877,400,465,12,1,1,2,20,137,203,23,7,4,0,2
"G18009700070","1930","Indiana","18","Marion","097",,"0070",,"Tract    0070     in Indianapolis IN",4639,3745,653,230,10,1,1269,643,613,13,0,3,12,56,294,219,45,10,2,1,1
"G18009700071","1930","Indiana","18","Marion","097",,"0071",,"Tract    0071     in Indianapolis IN",5436,4737,473,135,90,1,1470,783,667,20,1,3,8,29,202,305,130,67,19,9,10
"G18009700072","1930","Indiana","18","Marion","097",,"0072",,"Tract    0072     in Indianapolis IN",3107,2738,270,55,44,0,850,397,441,12,5,1,4,36,143,152,23,19,6,4,4
"G18009700073","1930","Indiana","18","Marion","097",,"0073",,"Tract    0073     in Indianapolis IN",2523,2238,192,80,13,0,674,271,400,3,0,1,5,41,174,43,6,0,0,0,1
"G18009700074","1930","Indiana","18","Marion","097",,"0074",,"Tract    0074     in Indianapolis IN",1282,467,38,7,770,0,320,144,176,0,31,27,30,29,22,4,0,1,0,0,0
"G18009700075","1930","Indiana","18","Marion","097",,"0075",,"Tract    0075     in Indianapolis IN",3692,3347,263,82,0,0,941,412,522,7,0,9,34,114,209,40,5,0,0,0,1
"G18009700076","1930","Indiana","18","Marion","097",,"0076",,"Tract    0076     in Indianapolis IN",2978,2485,316,124,53,0,746,195,541,10,1,9,37,62,54,19,7,3,1,1,1
"G18009700077","1930","Indiana","18","Marion","097",,"0077",,"Tract    0077     in Indianapolis IN",2254,1848,228,121,57,0,624,48,542,34,1,7,0,12,14,10,0,2,0,0,2
"G18009700078","1930","Indiana","18","Marion","097",,"0078",,"Tract    0078     in Indianapolis IN",4098,2759,530,459,344,6,858,93,720,45,1,8,11,19,24,11,5,4,1,2,7
"G18009700079","1930","Indiana","18","Marion","097",,"0079",,"Tract    0079     in Indianapolis IN",3080,2825,156,43,56,0,719,165,531,23,3,30,40,62,27,1,1,1,0,0,0
"G18009700080","1930","Indiana","18","Marion","097",,"0080",,"Tract    0080     in Indianapolis IN",3273,2896,256,119,2,0,837,349,481,7,1,11,22,70,179,44,7,8,4,1,2
"G18009700081","1930","Indiana","18","Marion","097",,"0081",,"Tract    0081     in Indianapolis IN",3128,2843,211,46,27,1,772,387,371,14,14,20,38,86,175,45,5,1,0,1,2
"G18009700082","1930","Indiana","18","Marion","097",,"0082",,"Tract    0082     in Indianapolis IN",6093,4894,596,159,444,0,1631,690,908,33,5,10,32,91,315,193,15,8,1,1,19
"G18009700083","1930","Indiana","18","Marion","097",,"0083",,"Tract    0083     in Indianapolis IN",4473,3711,598,152,12,0,1175,563,596,16,0,6,30,120,256,124,16,9,0,1,1
"G18009700084","1930","Indiana","18","Marion","097",,"0084",,"Tract    0084     in Indianapolis IN",2874,2315,308,112,138,1,820,215,595,10,0,7,8,48,96,41,6,1,1,3,4
"G18009700085","1930","Indiana","18","Marion","097",,"0085",,"Tract    0085     in Indianapolis IN",3251,2371,666,188,26,0,890,375,508,7,0,3,10,61,185,98,13,3,0,0,2
"G18009700086","1930","Indiana","18","Marion","097",,"0086",,"Tract    0086     in Indianapolis IN",2818,1968,589,218,32,11,712,154,520,38,0,1,12,40,66,28,4,1,1,0,1
"G18009700087","1930","Indiana","18","Marion","097",,"0087",,"Tract    0087     in Indianapolis IN",2611,849,590,616,556,0,659,161,489,9,0,8,9,47,60,27,6,1,1,2,0
"G18009700088","1930","Indiana","18","Marion","097",,"0088",,"Tract    0088     in Indianapolis IN",2718,1657,526,229,298,8,660,222,431,7,1,36,52,91,34,4,0,0,0,0,4
"G18009700089","1930","Indiana","18","Marion","097",,"0089",,"Tract    0089     in Indianapolis IN",3948,3598,246,104,0,0,973,255,701,17,0,13,28,102,85,24,2,1,0,0,0
"G18009700090","1930","Indiana","18","Marion","097",,"0090",,"Tract    0090     in Indianapolis IN",4534,3467,625,187,255,0,1198,512,674,12,0,6,24,118,286,61,8,1,0,0,8
"G18009700091","1930","Indiana","18","Marion","097",,"0091",,"Tract    0091     in Indianapolis IN",5060,3530,1142,387,0,1,1287,741,537,9,1,9,5,97,379,207,19,8,0,1,15
"G18009700092","1930","Indiana","18","Marion","097",,"0092",,"Tract    0092     in Indianapolis IN",4073,2857,905,311,0,0,1032,488,526,18,2,16,39,111,216,68,8,3,0,1,24
"G18009700093","1930","Indiana","18","Marion","097",,"0093",,"Tract    0093     in Indianapolis IN",2977,1974,664,332,7,0,743,323,416,4,1,4,13,55,152,82,10,5,0,0,1
"G18009700094","1930","Indiana","18","Marion","097",,"0094",,"Tract    0094     in Indianapolis IN",3207,2393,567,199,48,0,834,392,432,10,3,9,19,98,173,71,9,4,0,0,6
"G18009700095","1930","Indiana","18","Marion","097",,"0095",,"Tract    0095     in Indianapolis IN",4312,3761,193,62,289,7,1135,433,678,24,3,15,35,116,227,33,0,0,0,0,4
"G18009700096","1930","Indiana","18","Marion","097",,"0096",,"Tract    0096     in Indianapolis IN",1801,1499,74,24,204,0,425,185,237,3,11,35,30,61,40,7,0,0,0,0,1
"G18009700097","1930","Indiana","18","Marion","097",,"0097",,"Tract    0097     in Indianapolis IN",832,414,42,19,357,0,199,103,93,3,17,6,19,28,24,6,0,0,0,0,3
"G18009700098","1930","Indiana","18","Marion","097",,"0098",,"Tract    0098     in Indianapolis IN",582,512,49,21,0,0,158,104,48,6,1,1,3,35,53,5,2,0,2,0,2
"G18009700099","1930","Indiana","18","Marion","097",,"0099",,"Tract    0099     in Indianapolis IN",4475,3663,512,134,165,1,1206,661,529,16,13,17,33,111,357,115,5,4,0,0,6
"G18009700100","1930","Indiana","18","Marion","097",,"0100",,"Tract    0100     in Indianapolis IN",3674,2754,706,206,8,0,960,558,393,9,0,8,17,72,193,190,44,26,7,0,1
"G18009700101","1930","Indiana","18","Marion","097",,"0101",,"Tract    0101     in Indianapolis IN",2091,1724,171,53,143,0,495,308,185,2,11,30,20,74,137,22,3,1,0,0,10
"G18009700102","1930","Indiana","18","Marion","097",,"0102",,"Tract    0102     in Indianapolis IN",1688,1327,279,82,0,0,487,362,120,5,0,1,9,16,136,148,23,19,4,0,6
"G18009700103","1930","Indiana","18","Marion","097",,"0103",,"Tract    0103     in Indianapolis IN",1100,1015,67,16,2,0,286,186,100,0,2,0,6,26,56,79,12,5,0,0,0
"G18009700104","1930","Indiana","18","Marion","097",,"0104",,"Tract    0104     in Indianapolis IN",1329,948,155,31,195,0,385,268,115,2,0,0,6,6,22,122,74,26,5,3,4
"G18009700105","1930","Indiana","18","Marion","097",,"0105",,"Tract    0105     in Indianapolis IN",16,12,2,0,2,0,3,3,0,0,0,0,0,0,0,0,0,1,1,1,0
"G18009700106","1930","Indiana","18","Marion","097",,"0106",,"Tract    0106     in Indianapolis IN",0,0,0,0,0,0,0,0,0,0,0,0,0,0,0,0,0,0,0,0,0
"G18009700107","1930","Indiana","18","Marion","097",,"0107",,"Tract    0107     in Indianapolis IN",1198,1112,68,18,0,0,348,258,83,7,2,0,5,18,129,84,8,2,0,2,8
"G18009700108","1930","Indiana","18","Marion","097",,"0108",,"Tract    0108     in Indianapolis IN",815,694,90,31,0,0,217,178,39,0,0,4,1,10,54,72,24,10,1,2,0
"G2500250A0001","1930","Massachusetts","25","Suffolk","025","A","0001",,"Tract   A0001     in Boston MA",5192,1021,2716,1455,0,0,1112,396,713,3,0,0,1,7,31,128,83,112,22,4,8
"G2500250A0002","1930","Massachusetts","25","Suffolk","025","A","0002",,"Tract   A0002     in Boston MA",5034,1428,2381,1223,0,2,1113,400,698,15,1,8,10,41,125,113,49,44,1,1,7
"G2500250A0003","1930","Massachusetts","25","Suffolk","025","A","0003",,"Tract   A0003     in Boston MA",7502,1533,3715,2253,0,1,1559,486,1053,20,1,16,7,43,108,130,84,54,3,0,40
"G2500250A0004","1930","Massachusetts","25","Suffolk","025","A","0004",,"Tract   A0004     in Boston MA",5406,1230,2384,1749,39,4,1214,336,856,22,0,11,5,23,129,88,46,20,3,0,11
"G2500250A0005","1930","Massachusetts","25","Suffolk","025","A","0005",,"Tract   A0005     in Boston MA",7098,1088,3458,2543,0,9,1527,450,1067,10,0,2,6,28,131,178,67,34,3,0,1
"G2500250A0006","1930","Massachusetts","25","Suffolk","025","A","0006",,"Tract   A0006     in Boston MA",4550,418,2485,1637,0,10,954,249,692,13,1,5,3,17,94,93,24,4,1,2,5
"G2500250B0001","1930","Massachusetts","25","Suffolk","025","B","0001",,"Tract   B0001     in Boston MA",3526,237,1990,1295,3,1,743,185,546,12,2,2,0,5,44,84,22,12,3,2,9
"G2500250B0002","1930","Massachusetts","25","Suffolk","025","B","0002",,"Tract   B0002     in Boston MA",4516,326,2436,1753,1,0,935,230,700,5,0,3,0,8,34,79,30,34,11,3,28
"G2500250B0003","1930","Massachusetts","25","Suffolk","025","B","0003",,"Tract   B0003     in Boston MA",3131,198,1618,1275,40,0,671,179,482,10,0,2,7,19,49,64,12,7,3,1,15
"G2500250B0004","1930","Massachusetts","25","Suffolk","025","B","0004",,"Tract   B0004     in Boston MA",3973,290,2197,1475,8,3,801,221,573,7,1,5,8,34,61,70,20,13,4,1,4
"G2500250B0005","1930","Massachusetts","25","Suffolk","025","B","0005",,"Tract   B0005     in Boston MA",9314,732,5330,3249,0,3,1952,439,1466,47,19,18,19,65,113,105,38,34,9,4,15
"G2500250B0006","1930","Massachusetts","25","Suffolk","025","B","0006",,"Tract   B0006     in Boston MA",2212,540,863,708,99,2,11,0,8,3,0,0,0,0,0,0,0,0,0,0,0
"G2500250C0001","1930","Massachusetts","25","Suffolk","025","C","0001",,"Tract   C0001     in Boston MA",2604,983,1062,503,41,15,402,79,317,6,1,8,24,26,17,3,0,0,0,0,0
"G2500250C0002","1930","Massachusetts","25","Suffolk","025","C","0002",,"Tract   C0002     in Boston MA",4075,1223,1883,965,0,4,952,211,725,16,4,13,23,65,58,35,5,3,0,0,5
"G2500250C0003","1930","Massachusetts","25","Suffolk","025","C","0003",,"Tract   C0003     in Boston MA",5163,2022,2094,1044,2,1,1198,317,849,32,3,14,28,86,117,52,15,2,0,0,0
"G2500250D0001","1930","Massachusetts","25","Suffolk","025","D","0001",,"Tract   D0001     in Boston MA",1787,460,881,427,17,2,417,113,295,9,17,27,14,18,20,10,4,2,0,0,1
"G2500250D0002","1930","Massachusetts","25","Suffolk","025","D","0002",,"Tract   D0002     in Boston MA",1435,373,675,386,0,1,310,87,213,10,0,6,11,24,31,11,1,0,0,0,3
"G2500250D0003","1930","Massachusetts","25","Suffolk","025","D","0003",,"Tract   D0003     in Boston MA",3045,1051,1332,651,4,7,704,238,440,26,6,24,32,45,83,41,3,2,0,1,1
"G2500250D0004","1930","Massachusetts","25","Suffolk","025","D","0004",,"Tract   D0004     in Boston MA",3709,1414,1537,733,25,0,800,257,523,20,14,29,45,69,82,13,4,0,0,0,1
"G2500250E0001","1930","Massachusetts","25","Suffolk","025","E","0001",,"Tract   E0001     in Boston MA",5670,1515,2541,1493,112,9,1084,191,885,8,0,3,14,52,72,40,6,2,0,1,1
"G2500250E0002","1930","Massachusetts","25","Suffolk","025","E","0002",,"Tract   E0002     in Boston MA",4175,1150,1781,1217,0,27,824,231,577,16,0,3,6,21,82,74,24,14,2,2,3
"G2500250F0001","1930","Massachusetts","25","Suffolk","025","F","0001",,"Tract   F0001     in Boston MA",4191,194,2270,1727,0,0,837,35,764,38,1,0,0,0,1,1,5,9,5,13,0
"G2500250F0002","1930","Massachusetts","25","Suffolk","025","F","0002",,"Tract   F0002     in Boston MA",5548,142,3160,2239,0,7,1180,128,1044,8,2,1,2,3,9,10,14,37,20,25,5
"G2500250F0003","1930","Massachusetts","25","Suffolk","025","F","0003",,"Tract   F0003     in Boston MA",2414,876,801,529,168,40,119,6,112,1,0,0,0,0,0,0,0,3,1,2,0
"G2500250F0004","1930","Massachusetts","25","Suffolk","025","F","0004",,"Tract   F0004     in Boston MA",7497,386,4039,3068,1,3,1528,91,1426,11,0,0,1,2,3,8,10,17,18,29,3
"G2500250F0005","1930","Massachusetts","25","Suffolk","025","F","0005",,"Tract   F0005     in Boston MA",3875,138,2212,1523,0,2,800,62,724,14,2,1,1,2,4,6,13,21,4,8,0
"G2500250F0006","1930","Massachusetts","25","Suffolk","025","F","0006",,"Tract   F0006     in Boston MA",4293,2267,873,1099,42,12,185,4,180,1,0,0,0,0,0,0,0,0,1,3,0
"G2500250G0001","1930","Massachusetts","25","Suffolk","025","G","0001",,"Tract   G0001     in Boston MA",2204,643,540,502,4,515,296,32,262,2,0,0,0,0,0,7,13,7,0,5,0
"G2500250G0002","1930","Massachusetts","25","Suffolk","025","G","0002",,"Tract   G0002     in Boston MA",3764,673,1275,1319,17,480,594,62,520,12,0,0,1,3,7,18,20,9,1,3,0
"G2500250G0003","1930","Massachusetts","25","Suffolk","025","G","0003",,"Tract   G0003     in Boston MA",441,116,158,165,0,2,115,8,102,5,0,0,0,0,0,0,1,5,1,1,0
"G2500250G0004","1930","Massachusetts","25","Suffolk","025","G","0004",,"Tract   G0004     in Boston MA",591,101,205,211,71,3,158,16,138,4,0,0,0,5,4,4,3,0,0,0,0
"G2500250H0001","1930","Massachusetts","25","Suffolk","025","H","0001",,"Tract   H0001     in Boston MA",7623,600,3589,3396,33,5,1759,106,1604,49,0,0,1,2,4,11,13,33,13,26,3
"G2500250H0002","1930","Massachusetts","25","Suffolk","025","H","0002",,"Tract   H0002     in Boston MA",3089,139,1568,1375,7,0,695,73,619,3,0,0,1,2,1,21,28,11,1,8,0
"G2500250H0003","1930","Massachusetts","25","Suffolk","025","H","0003",,"Tract   H0003     in Boston MA",2742,572,1073,1053,35,9,546,17,496,33,0,0,0,0,1,3,1,3,1,8,0
"G2500250H0004","1930","Massachusetts","25","Suffolk","025","H","0004",,"Tract   H0004     in Boston MA",5830,1013,2504,2276,27,10,999,104,875,20,0,0,0,0,5,13,14,21,20,24,7
"G2500250I0001","1930","Massachusetts","25","Suffolk","025","I","0001",,"Tract   I0001     in Boston MA",3002,367,1130,1142,353,10,849,52,790,7,0,0,0,2,24,8,6,7,2,3,0
"G2500250I0002","1930","Massachusetts","25","Suffolk","025","I","0002",,"Tract   I0002     in Boston MA",5231,612,2170,1990,443,16,1245,117,1104,24,1,0,1,1,14,65,14,9,10,1,1
"G2500250I0003","1930","Massachusetts","25","Suffolk","025","I","0003",,"Tract   I0003     in Boston MA",7147,1544,2297,3071,195,40,942,213,660,69,1,2,5,12,45,53,37,43,5,7,3
"G2500250I0004","1930","Massachusetts","25","Suffolk","025","I","0004",,"Tract   I0004     in Boston MA",3075,739,1305,995,35,1,780,71,686,23,0,0,0,3,14,26,10,6,0,2,10
"G2500250J0001","1930","Massachusetts","25","Suffolk","025","J","0001",,"Tract   J0001     in Boston MA",5656,1679,1592,2353,13,19,946,164,753,29,0,0,1,1,25,78,36,14,5,2,2
"G2500250J0002","1930","Massachusetts","25","Suffolk","025","J","0002",,"Tract   J0002     in Boston MA",2900,995,171,556,1176,2,422,112,274,36,0,0,0,0,4,76,26,4,0,2,0
"G2500250J0003","1930","Massachusetts","25","Suffolk","025","J","0003",,"Tract   J0003     in Boston MA",3099,1441,762,866,25,5,655,28,611,16,0,0,0,0,0,0,0,14,8,4,2
"G2500250J0004","1930","Massachusetts","25","Suffolk","025","J","0004",,"Tract   J0004     in Boston MA",4104,1742,1020,1126,209,7,1219,72,1127,20,0,0,0,0,0,3,26,12,17,13,1
"G2500250J0005","1930","Massachusetts","25","Suffolk","025","J","0005",,"Tract   J0005     in Boston MA",7562,3549,1851,1832,227,103,2567,52,2491,24,0,0,0,0,0,0,7,24,4,14,3
"G2500250K0001","1930","Massachusetts","25","Suffolk","025","K","0001",,"Tract   K0001     in Boston MA",4258,1200,1414,1389,246,9,1196,123,1042,31,0,0,0,2,2,9,17,38,25,26,4
"G2500250K0002","1930","Massachusetts","25","Suffolk","025","K","0002",,"Tract   K0002     in Boston MA",4486,2617,626,1220,12,11,999,316,626,57,1,0,0,2,2,6,5,21,43,187,49
"G2500250K0003","1930","Massachusetts","25","Suffolk","025","K","0003",,"Tract   K0003     in Boston MA",3677,1877,312,1467,18,3,690,363,288,39,0,0,0,0,2,1,0,4,7,326,23
"G2500250K0004","1930","Massachusetts","25","Suffolk","025","K","0004",,"Tract   K0004     in Boston MA",11194,5459,3031,2590,80,34,3965,266,3670,29,0,0,0,1,0,8,13,32,79,127,6
"G2500250K0005","1930","Massachusetts","25","Suffolk","025","K","0005",,"Tract   K0005     in Boston MA",4137,2163,575,1365,34,0,840,231,501,108,1,0,0,0,5,2,0,2,6,198,17
"G2500250L0001","1930","Massachusetts","25","Suffolk","025","L","0001",,"Tract   L0001     in Boston MA",4446,1269,1153,1979,34,11,449,199,229,21,0,0,0,0,2,40,109,38,5,3,2
"G2500250L0002","1930","Massachusetts","25","Suffolk","025","L","0002",,"Tract   L0002     in Boston MA",4960,981,696,889,2365,29,895,149,693,53,0,2,0,1,2,34,43,35,7,6,19
"G2500250L0003","1930","Massachusetts","25","Suffolk","025","L","0003",,"Tract   L0003     in Boston MA",4365,1158,994,1264,935,14,657,114,500,43,0,0,0,1,3,20,20,42,17,2,9
"G2500250L0004","1930","Massachusetts","25","Suffolk","025","L","0004",,"Tract   L0004     in Boston MA",2577,832,678,989,67,11,421,59,345,17,0,1,1,2,3,16,9,12,6,7,2
"G2500250L0005","1930","Massachusetts","25","Suffolk","025","L","0005",,"Tract   L0005     in Boston MA",4506,1349,1852,1260,37,8,610,117,451,42,0,0,0,1,39,56,9,5,2,2,3
"G2500250L0006","1930","Massachusetts","25","Suffolk","025","L","0006",,"Tract   L0006     in Boston MA",3501,863,1389,1152,93,4,671,91,544,36,0,2,2,3,15,28,22,14,2,2,1
"G2500250M0001","1930","Massachusetts","25","Suffolk","025","M","0001",,"Tract   M0001     in Boston MA",3785,897,1260,1597,30,1,578,116,451,11,3,15,9,32,42,12,0,1,0,0,2
"G2500250M0002","1930","Massachusetts","25","Suffolk","025","M","0002",,"Tract   M0002     in Boston MA",3972,801,2053,1118,0,0,898,245,649,4,6,29,37,86,61,20,5,0,0,0,1
"G2500250M0003","1930","Massachusetts","25","Suffolk","025","M","0003",,"Tract   M0003     in Boston MA",3339,505,1681,1153,0,0,769,155,614,0,10,14,21,36,45,19,5,2,1,2,0
"G2500250M0004","1930","Massachusetts","25","Suffolk","025","M","0004",,"Tract   M0004     in Boston MA",2508,402,1313,793,0,0,580,121,450,9,2,20,22,28,28,5,6,8,2,0,0
"G2500250N0001","1930","Massachusetts","25","Suffolk","025","N","0001",,"Tract   N0001     in Boston MA",7796,1749,3918,2113,7,9,1726,455,1262,9,6,33,41,78,145,100,23,19,5,3,2
"G2500250N0002","1930","Massachusetts","25","Suffolk","025","N","0002",,"Tract   N0002     in Boston MA",4892,1369,2305,1216,0,2,1117,242,849,26,1,12,10,25,57,63,30,32,5,3,4
"G2500250N0003","1930","Massachusetts","25","Suffolk","025","N","0003",,"Tract   N0003     in Boston MA",3729,935,1700,1094,0,0,850,271,561,18,4,5,1,16,71,56,34,55,20,4,5
"G2500250N0004","1930","Massachusetts","25","Suffolk","025","N","0004",,"Tract   N0004     in Boston MA",5889,1613,2697,1576,0,3,1371,398,967,6,1,4,2,31,108,148,46,42,10,3,3
"G2500250O0001","1930","Massachusetts","25","Suffolk","025","O","0001",,"Tract   O0001     in Boston MA",7940,1938,3774,2219,4,5,1832,590,1209,33,4,18,24,84,195,149,49,55,9,0,3
"G2500250O0002","1930","Massachusetts","25","Suffolk","025","O","0002",,"Tract   O0002     in Boston MA",3879,1016,1845,1018,0,0,893,211,671,11,0,4,6,39,78,57,16,10,0,0,1
"G2500250O0003","1930","Massachusetts","25","Suffolk","025","O","0003",,"Tract   O0003     in Boston MA",5024,1167,2516,1339,0,2,1094,352,738,4,15,32,40,96,87,46,21,7,4,4,0
"G2500250O0004","1930","Massachusetts","25","Suffolk","025","O","0004",,"Tract   O0004     in Boston MA",1546,299,823,423,0,1,330,70,257,3,0,2,8,12,24,18,2,1,2,1,0
"G2500250P0001","1930","Massachusetts","25","Suffolk","025","P","0001",,"Tract   P0001     in Boston MA",5429,1361,2593,1475,0,0,1197,301,892,4,1,13,20,52,86,60,35,29,1,1,3
"G2500250P0002","1930","Massachusetts","25","Suffolk","025","P","0002",,"Tract   P0002     in Boston MA",5920,1541,2842,1533,0,4,1339,339,992,8,0,4,2,3,46,148,71,44,9,5,7
"G2500250P0003","1930","Massachusetts","25","Suffolk","025","P","0003",,"Tract   P0003     in Boston MA",3913,1026,1733,1148,0,6,932,224,698,10,0,2,4,3,48,86,43,31,2,1,4
"G2500250P0004","1930","Massachusetts","25","Suffolk","025","P","0004",,"Tract   P0004     in Boston MA",3978,1251,1597,1130,0,0,950,196,747,7,0,0,3,0,45,78,39,22,7,1,1
"G2500250P0005","1930","Massachusetts","25","Suffolk","025","P","0005",,"Tract   P0005     in Boston MA",4729,639,2380,1705,5,0,982,235,736,11,0,1,2,4,40,73,72,30,3,0,10
"G2500250P0006","1930","Massachusetts","25","Suffolk","025","P","0006",,"Tract   P0006     in Boston MA",3843,1195,1560,1075,12,1,1011,329,657,25,0,0,0,7,93,96,30,84,7,7,5
"G2500250Q0001","1930","Massachusetts","25","Suffolk","025","Q","0001",,"Tract   Q0001     in Boston MA",2140,548,947,622,23,0,512,60,437,15,1,2,4,5,26,14,2,0,0,2,4
"G2500250Q0002","1930","Massachusetts","25","Suffolk","025","Q","0002",,"Tract   Q0002     in Boston MA",4973,1139,1878,1231,700,25,1330,160,1132,38,1,13,5,37,63,23,6,4,1,2,5
"G2500250Q0003","1930","Massachusetts","25","Suffolk","025","Q","0003",,"Tract   Q0003     in Boston MA",4711,1472,1725,1354,157,3,1068,222,824,22,0,0,1,22,62,64,37,24,5,4,3
"G2500250Q0004","1930","Massachusetts","25","Suffolk","025","Q","0004",,"Tract   Q0004     in Boston MA",3744,888,1592,1246,17,1,826,170,641,15,0,1,7,32,48,51,15,8,2,3,3
"G2500250Q0005","1930","Massachusetts","25","Suffolk","025","Q","0005",,"Tract   Q0005     in Boston MA",6188,1372,2874,1916,25,1,1413,278,1057,78,0,2,2,12,80,85,27,10,5,4,51
"G2500250R0001","1930","Massachusetts","25","Suffolk","025","R","0001",,"Tract   R0001     in Boston MA",6860,429,517,424,5481,9,2071,204,1791,76,0,6,12,56,82,31,9,4,3,0,1
"G2500250R0002","1930","Massachusetts","25","Suffolk","025","R","0002",,"Tract   R0002     in Boston MA",3670,861,996,736,1065,12,899,122,758,19,0,1,6,14,36,49,10,5,1,0,0
"G2500250R0003","1930","Massachusetts","25","Suffolk","025","R","0003",,"Tract   R0003     in Boston MA",3916,863,1092,758,1183,20,1118,52,1045,21,1,4,4,11,16,5,2,7,0,0,2
"G2500250S0001","1930","Massachusetts","25","Suffolk","025","S","0001",,"Tract   S0001     in Boston MA",5114,1789,1977,1262,78,8,1625,119,1482,24,0,1,11,19,44,25,5,5,3,4,2
"G2500250S0002","1930","Massachusetts","25","Suffolk","025","S","0002",,"Tract   S0002     in Boston MA",2682,615,1310,755,0,2,631,65,548,18,1,7,8,14,16,12,3,3,0,0,1
"G2500250S0003","1930","Massachusetts","25","Suffolk","025","S","0003",,"Tract   S0003     in Boston MA",5304,1244,2311,1537,203,9,1307,262,1027,18,0,6,3,9,86,96,35,20,3,1,3
"G2500250S0004","1930","Massachusetts","25","Suffolk","025","S","0004",,"Tract   S0004     in Boston MA",4283,1219,1780,1153,127,4,892,111,778,3,0,0,0,0,11,41,27,17,11,4,0
"G2500250S0005","1930","Massachusetts","25","Suffolk","025","S","0005",,"Tract   S0005     in Boston MA",7187,2131,2943,2071,28,14,1491,236,1235,20,1,0,0,1,21,66,88,47,8,4,0
"G2500250S0006","1930","Massachusetts","25","Suffolk","025","S","0006",,"Tract   S0006     in Boston MA",4880,981,2326,1508,61,4,1207,233,955,19,0,0,3,8,62,92,39,19,7,2,1
"G2500250T0001","1930","Massachusetts","25","Suffolk","025","T","0001",,"Tract   T0001     in Boston MA",4691,1492,2036,1163,0,0,1145,311,831,3,1,2,2,12,56,111,65,55,5,1,1
"G2500250T0002","1930","Massachusetts","25","Suffolk","025","T","0002",,"Tract   T0002     in Boston MA",7252,2217,3298,1723,12,2,1682,521,1144,17,0,1,0,3,58,159,135,138,17,2,8
"G2500250T0003","1930","Massachusetts","25","Suffolk","025","T","0003",,"Tract   T0003     in Boston MA",9439,2937,3970,2513,16,3,2375,639,1719,17,0,2,0,5,42,159,198,195,24,10,4
"G2500250T0004","1930","Massachusetts","25","Suffolk","025","T","0004",,"Tract   T0004     in Boston MA",9438,2366,4525,2540,1,6,2203,593,1578,32,1,11,6,19,61,163,134,148,17,25,8
"G2500250T0005","1930","Massachusetts","25","Suffolk","025","T","0005",,"Tract   T0005     in Boston MA",11088,3106,5019,2953,7,3,2625,792,1776,57,0,2,0,5,58,250,182,234,32,14,15
"G2500250T0006","1930","Massachusetts","25","Suffolk","025","T","0006",,"Tract   T0006     in Boston MA",6764,356,3381,3007,14,6,1440,260,1171,9,0,0,0,1,5,52,78,83,18,12,11
"G2500250T0007","1930","Massachusetts","25","Suffolk","025","T","0007",,"Tract   T0007     in Boston MA",11896,990,6027,4842,34,3,2708,604,2079,25,0,1,1,4,22,116,148,192,72,25,23
"G2500250T0008","1930","Massachusetts","25","Suffolk","025","T","0008",,"Tract   T0008     in Boston MA",11038,1755,5245,3980,55,3,2452,726,1704,22,2,4,1,2,33,154,199,254,35,22,20
"G2500250T0009","1930","Massachusetts","25","Suffolk","025","T","0009",,"Tract   T0009     in Boston MA",6587,1980,2916,1684,4,3,1055,499,541,15,0,0,0,0,28,111,125,182,35,9,9
"G2500250T0010","1930","Massachusetts","25","Suffolk","025","T","0010",,"Tract   T0010     in Boston MA",4536,1809,1741,972,14,0,1055,499,541,15,0,0,0,0,28,111,125,182,35,9,9
"G2500250U0001","1930","Massachusetts","25","Suffolk","025","U","0001",,"Tract   U0001     in Boston MA",6038,1469,2358,1966,243,2,1431,365,1040,26,1,1,0,1,59,142,109,37,10,1,4
"G2500250U0002","1930","Massachusetts","25","Suffolk","025","U","0002",,"Tract   U0002     in Boston MA",5411,1376,1986,1504,543,2,1318,293,1012,13,0,0,0,13,87,114,32,34,3,5,5
"G2500250U0003","1930","Massachusetts","25","Suffolk","025","U","0003",,"Tract   U0003     in Boston MA",4703,1379,1930,1317,75,2,1140,230,890,20,0,1,5,26,60,74,33,22,3,3,3
"G2500250U0004","1930","Massachusetts","25","Suffolk","025","U","0004",,"Tract   U0004     in Boston MA",6186,1621,2744,1679,140,2,1409,345,1040,24,0,2,3,21,69,104,64,54,9,10,9
"G2500250U0005","1930","Massachusetts","25","Suffolk","025","U","0005",,"Tract   U0005     in Boston MA",8712,582,3403,2846,1871,10,1939,351,1573,15,1,0,2,1,10,53,95,117,42,26,4
"G2500250U0006","1930","Massachusetts","25","Suffolk","025","U","0006",,"Tract   U0006     in Boston MA",12165,1240,5859,4856,195,15,2952,553,2379,20,0,2,0,2,9,91,95,162,78,99,15
"G2500250V0001","1930","Massachusetts","25","Suffolk","025","V","0001",,"Tract   V0001     in Boston MA",4935,1157,2038,1571,167,2,1225,154,1054,17,0,2,5,14,33,40,21,19,9,4,7
"G2500250V0002","1930","Massachusetts","25","Suffolk","025","V","0002",,"Tract   V0002     in Boston MA",5430,1058,2714,1642,15,1,1238,324,894,20,0,1,6,28,103,117,40,24,1,2,2
"G2500250V0003","1930","Massachusetts","25","Suffolk","025","V","0003",,"Tract   V0003     in Boston MA",3657,802,1704,1151,0,0,874,178,669,27,0,5,0,2,18,56,60,29,4,1,3
"G2500250V0004","1930","Massachusetts","25","Suffolk","025","V","0004",,"Tract   V0004     in Boston MA",6032,1549,2688,1791,4,0,1550,463,1057,30,0,0,0,6,45,122,151,95,15,6,23
"G2500250V0005","1930","Massachusetts","25","Suffolk","025","V","0005",,"Tract   V0005     in Boston MA",8397,2752,3471,2150,17,7,2087,658,1397,32,0,3,10,15,86,158,95,143,68,76,4
"G2500250V0006","1930","Massachusetts","25","Suffolk","025","V","0006",,"Tract   V0006     in Boston MA",7113,1963,3081,2052,17,0,1654,410,1209,35,0,2,2,16,72,121,71,103,13,6,4
"G2500250W0001","1930","Massachusetts","25","Suffolk","025","W","0001",,"Tract   W0001     in Boston MA",14400,5341,5936,3111,9,3,3658,1779,1832,47,1,4,3,12,107,326,384,601,183,131,27
"G2500250W0002","1930","Massachusetts","25","Suffolk","025","W","0002",,"Tract   W0002     in Boston MA",4943,1284,2317,1340,1,1,1185,212,947,26,0,2,6,24,39,53,53,27,4,2,2
"G2500250W0003","1930","Massachusetts","25","Suffolk","025","W","0003",,"Tract   W0003     in Boston MA",12170,2928,5393,3779,66,4,2251,706,1522,23,1,2,3,13,60,188,186,195,39,13,6
"G2500250W0004","1930","Massachusetts","25","Suffolk","025","W","0004",,"Tract   W0004     in Boston MA",9242,2819,4177,2246,0,0,2258,1072,1156,30,1,0,1,27,143,381,246,218,14,8,33
"G2500250W0005","1930","Massachusetts","25","Suffolk","025","W","0005",,"Tract   W0005     in Boston MA",9192,2965,4120,2103,1,3,2325,1158,1125,42,0,1,0,14,101,348,286,297,36,63,12
"G2500250W0006","1930","Massachusetts","25","Suffolk","025","W","0006",,"Tract   W0006     in Boston MA",16810,6643,6561,3575,24,7,4240,2818,1356,66,3,6,5,24,212,803,664,863,163,45,30
"G2500250X0001","1930","Massachusetts","25","Suffolk","025","X","0001",,"Tract   X0001     in Boston MA",8753,2648,3972,2124,1,8,2049,612,1415,22,1,17,9,26,97,148,159,128,20,2,5
"G2500250X0002","1930","Massachusetts","25","Suffolk","025","X","0002",,"Tract   X0002     in Boston MA",10270,3210,4390,2670,0,0,2340,850,1467,23,2,3,4,19,141,273,185,184,19,3,17
"G2500250X0003","1930","Massachusetts","25","Suffolk","025","X","0003",,"Tract   X0003     in Boston MA",10911,4044,4497,2359,7,4,2542,1166,1344,32,0,3,4,29,177,338,290,254,42,4,25
"G2500250X0004","1930","Massachusetts","25","Suffolk","025","X","0004",,"Tract   X0004     in Boston MA",13513,4999,5336,3144,26,8,3248,1105,2128,15,1,2,1,10,79,223,210,422,107,20,30
"G2500250X0005","1930","Massachusetts","25","Suffolk","025","X","0005",,"Tract   X0005     in Boston MA",18846,2108,9027,7665,42,4,4203,1173,2988,42,0,2,3,26,178,277,196,334,98,35,24
"G2500250X0006","1930","Massachusetts","25","Suffolk","025","X","0006",,"Tract   X0006     in Boston MA",20905,3637,9992,7265,7,4,4514,1535,2921,58,2,9,4,46,181,341,264,466,113,85,24
"G2500250Y0001","1930","Massachusetts","25","Suffolk","025","Y","0001",,"Tract   Y0001     in Boston MA",6073,1377,2885,1793,14,4,1348,408,922,18,1,6,5,36,94,124,82,52,3,3,2
"G2500250Y0002","1930","Massachusetts","25","Suffolk","025","Y","0002",,"Tract   Y0002     in Boston MA",6951,2431,2596,1716,186,22,1713,438,1255,20,1,2,7,12,55,144,76,107,12,16,6
"G2500250Y0003","1930","Massachusetts","25","Suffolk","025","Y","0003",,"Tract   Y0003     in Boston MA",15787,5895,6035,3788,52,17,4918,573,4259,86,0,2,4,5,73,142,110,133,49,43,12
"G2500250Y0004","1930","Massachusetts","25","Suffolk","025","Y","0004",,"Tract   Y0004     in Boston MA",8662,2570,3956,2124,11,1,2049,809,1206,34,0,2,0,9,38,182,208,330,26,3,11
"G2500250Y0005","1930","Massachusetts","25","Suffolk","025","Y","0005",,"Tract   Y0005     in Boston MA",18889,7180,7561,4104,38,6,5786,1108,4616,62,2,5,8,8,37,135,161,437,165,124,26
"G2500250Z0001","1930","Massachusetts","25","Suffolk","025","Z","0001",,"Tract   Z0001     in Boston MA",16827,5358,7306,4115,38,10,3807,1807,1970,30,2,8,14,78,312,734,350,250,20,12,27
"G2500250Z0002","1930","Massachusetts","25","Suffolk","025","Z","0002",,"Tract   Z0002     in Boston MA",7671,1954,3577,2124,8,8,1733,771,948,14,1,7,23,54,209,265,128,68,7,1,8
"G36002900001","1930","New York","36","Erie","029",,"0001",,"Tract    0001     in Buffalo NY",2422,1190,807,425,0,0,564,254,289,21,0,0,1,3,76,119,36,10,6,0,3
"G36002900002","1930","New York","36","Erie","029",,"0002",,"Tract    0002     in Buffalo NY",6630,3319,2199,1108,1,3,1557,667,872,18,0,0,0,9,92,300,137,92,15,11,11
"G36002900003","1930","New York","36","Erie","029",,"0003",,"Tract    0003     in Buffalo NY",2153,475,914,733,30,1,416,167,243,6,0,1,1,16,50,77,13,3,3,1,2
"G36002900004","1930","New York","36","Erie","029",,"0004",,"Tract    0004     in Buffalo NY",3089,1189,1316,584,0,0,639,269,368,2,0,9,9,76,121,41,6,4,0,0,3
"G36002900005","1930","New York","36","Erie","029",,"0005",,"Tract    0005     in Buffalo NY",6835,2744,2862,1221,6,2,1425,557,846,22,22,37,41,99,195,112,16,14,4,0,17
"G36002900006","1930","New York","36","Erie","029",,"0006",,"Tract    0006     in Buffalo NY",5335,2868,1655,812,0,0,1226,609,603,14,0,3,0,8,83,274,167,60,8,5,1
"G36002900007","1930","New York","36","Erie","029",,"0007",,"Tract    0007     in Buffalo NY",2854,1628,894,332,0,0,723,512,191,20,0,0,0,3,15,201,180,88,13,7,5
"G36002900008","1930","New York","36","Erie","029",,"0008",,"Tract    0008     in Buffalo NY",7762,4143,2602,1015,2,0,1900,1157,732,11,0,1,0,0,109,469,314,195,38,15,16
"G36002900009","1930","New York","36","Erie","029",,"0009",,"Tract    0009     in Buffalo NY",3067,1643,1038,386,0,0,770,382,383,5,0,0,0,3,41,105,122,93,11,5,2
"G36002900010","1930","New York","36","Erie","029",,"0010",,"Tract    0010     in Buffalo NY",8722,4774,2877,1066,1,4,2197,1052,1125,20,1,2,0,15,121,425,241,182,34,18,13
"G36002900011","1930","New York","36","Erie","029",,"0011",,"Tract    0011     in Buffalo NY",4707,2458,1603,641,0,5,1169,502,650,17,0,0,0,2,54,180,126,129,3,6,2
"G36002900012","1930","New York","36","Erie","029",,"0012",,"Tract    0012     in Buffalo NY",12714,2503,6107,3267,831,6,2644,793,1822,29,17,16,17,107,234,240,74,48,15,8,17
"G36002900013","1930","New York","36","Erie","029",,"0013",,"Tract    0013     in Buffalo NY",9267,1925,3818,2861,586,77,1650,357,1245,48,1,2,3,14,66,124,59,52,12,10,14
"G36002900014","1930","New York","36","Erie","029",,"0014",,"Tract    0014     in Buffalo NY",12072,997,2497,1849,6699,30,2951,505,2305,141,3,8,6,21,101,166,79,76,15,24,6
"G36002900015","1930","New York","36","Erie","029",,"0015",,"Tract    0015     in Buffalo NY",13502,3637,4969,2765,2118,13,3215,1038,2160,17,0,4,6,116,407,287,102,67,21,14,14
"G36002900016","1930","New York","36","Erie","029",,"0016",,"Tract    0016     in Buffalo NY",15455,2331,9050,4050,15,9,3425,1288,2106,31,1,5,2,83,414,526,96,73,42,38,8
"G36002900017","1930","New York","36","Erie","029",,"0017",,"Tract    0017     in Buffalo NY",6747,1405,3680,1596,66,0,1379,548,799,32,0,1,11,51,239,176,35,23,5,4,3
"G36002900018","1930","New York","36","Erie","029",,"0018",,"Tract    0018     in Buffalo NY",3443,884,1781,764,14,0,694,284,404,6,0,5,11,49,139,59,12,5,0,0,4
"G36002900019","1930","New York","36","Erie","029",,"0019",,"Tract    0019     in Buffalo NY",5307,929,3223,1155,0,0,1091,667,420,4,0,3,21,86,259,225,29,22,14,4,4
"G36002900020","1930","New York","36","Erie","029",,"0020",,"Tract    0020     in Buffalo NY",3811,1642,1549,617,3,0,830,306,519,5,0,1,5,34,118,97,25,9,13,2,2
"G36002900021","1930","New York","36","Erie","029",,"0021",,"Tract    0021     in Buffalo NY",1477,400,784,293,0,0,309,151,155,3,0,0,3,9,44,60,22,5,4,3,1
"G36002900022","1930","New York","36","Erie","029",,"0022",,"Tract    0022     in Buffalo NY",3786,814,2179,793,0,0,746,448,288,10,0,2,6,31,163,191,22,18,7,7,1
"G36002900023","1930","New York","36","Erie","029",,"0023",,"Tract    0023     in Buffalo NY",6072,1883,2882,1305,2,0,1333,718,611,4,1,1,39,147,252,196,43,28,5,1,5
"G36002900024","1930","New York","36","Erie","029",,"0024",,"Tract    0024     in Buffalo NY",11336,3344,5689,2284,10,9,2480,1141,1301,38,2,2,4,65,397,448,91,45,16,62,9
"G36002900025","1930","New York","36","Erie","029",,"0025",,"Tract    0025     in Buffalo NY",17435,6424,5871,3618,1408,114,4737,1089,3513,135,3,8,35,79,300,319,133,118,32,24,38
"G36002900026","1930","New York","36","Erie","029",,"0026",,"Tract    0026     in Buffalo NY",5872,2411,2186,1127,144,4,1580,551,1010,19,1,1,11,100,219,127,35,25,9,10,13
"G36002900027","1930","New York","36","Erie","029",,"0027",,"Tract    0027     in Buffalo NY",24792,5162,13108,6505,7,10,5915,2296,3556,63,2,7,8,94,702,860,264,199,68,52,40
"G36002900028","1930","New York","36","Erie","029",,"0028",,"Tract    0028     in Buffalo NY",13448,2945,7644,2850,1,8,2848,1278,1533,37,2,5,16,52,382,551,124,67,25,24,30
"G36002900029","1930","New York","36","Erie","029",,"0029",,"Tract    0029     in Buffalo NY",8626,2812,4016,1796,2,0,2125,1048,1051,26,0,1,1,21,207,482,205,92,17,10,12
"G36002900030","1930","New York","36","Erie","029",,"0030",,"Tract    0030     in Buffalo NY",4679,1578,2273,828,0,0,1044,594,437,13,0,1,3,51,146,179,98,91,11,3,11
"G36002900031","1930","New York","36","Erie","029",,"0031",,"Tract    0031     in Buffalo NY",15379,6718,5783,2813,44,21,4335,1613,2673,49,1,4,9,71,406,546,241,211,47,34,43
"G36002900032","1930","New York","36","Erie","029",,"0032",,"Tract    0032     in Buffalo NY",17044,8069,5220,2857,876,22,4777,1622,3081,74,1,1,1,20,278,512,331,304,92,38,44
"G36002900033","1930","New York","36","Erie","029",,"0033",,"Tract    0033     in Buffalo NY",17750,7342,6999,3344,59,6,4718,2256,2399,63,1,4,1,5,128,486,413,911,197,56,54
"G36002900034","1930","New York","36","Erie","029",,"0034",,"Tract    0034     in Buffalo NY",8446,3239,3355,1827,23,2,2129,981,1133,15,0,0,1,11,168,474,177,98,24,12,16
"G36002900035","1930","New York","36","Erie","029",,"0035",,"Tract    0035     in Buffalo NY",11592,4401,4798,2386,6,1,3053,1386,1639,28,0,2,6,33,299,513,247,166,55,39,26
"G36002900036","1930","New York","36","Erie","029",,"0036",,"Tract    0036     in Buffalo NY",8380,3764,3307,1293,11,5,2202,1143,1049,10,0,0,0,16,157,578,239,108,14,23,8
"G36002900037","1930","New York","36","Erie","029",,"0037",,"Tract    0037     in Buffalo NY",7790,3245,3274,1259,12,0,1904,1202,701,1,1,0,4,24,335,625,123,45,10,17,18
"G36002900038","1930","New York","36","Erie","029",,"0038",,"Tract    0038     in Buffalo NY",4467,1952,1710,792,4,9,1071,740,327,4,1,1,3,18,224,355,70,34,7,7,20
"G36002900039","1930","New York","36","Erie","029",,"0039",,"Tract    0039     in Buffalo NY",8005,4176,2562,1231,30,6,1888,1182,691,15,0,3,0,8,75,449,397,202,28,8,12
"G36002900040","1930","New York","36","Erie","029",,"0040",,"Tract    0040     in Buffalo NY",9187,4729,2990,1421,39,8,2436,1104,1304,28,1,1,1,2,75,377,296,263,38,19,31
"G36002900041","1930","New York","36","Erie","029",,"0041",,"Tract    0041     in Buffalo NY",7136,2942,2911,1283,0,0,1710,1067,631,12,0,1,2,9,172,488,253,100,14,8,20
"G36002900042","1930","New York","36","Erie","029",,"0042",,"Tract    0042     in Buffalo NY",6367,3467,2089,807,4,0,1656,1180,463,13,0,0,0,0,13,562,491,90,11,11,2
"G36002900043","1930","New York","36","Erie","029",,"0043",,"Tract    0043     in Buffalo NY",7540,4025,2533,975,7,0,2051,1395,645,11,0,0,0,1,60,635,438,202,32,16,11
"G36002900044","1930","New York","36","Erie","029",,"0044",,"Tract    0044     in Buffalo NY",2929,1569,964,396,0,0,748,532,216,0,0,1,0,0,32,396,64,36,2,0,1
"G36002900045","1930","New York","36","Erie","029",,"0045",,"Tract    0045     in Buffalo NY",5200,3321,1324,534,21,0,1377,869,473,35,0,0,0,0,1,14,20,245,289,274,26
"G36002900046","1930","New York","36","Erie","029",,"0046",,"Tract    0046     in Buffalo NY",3744,1972,1298,473,1,0,1068,680,373,15,1,0,0,1,17,124,168,206,97,55,11
"G36002900047","1930","New York","36","Erie","029",,"0047",,"Tract    0047     in Buffalo NY",7730,4232,2605,885,8,0,2116,1393,709,14,0,0,0,1,7,226,455,469,178,34,23
"G36002900048","1930","New York","36","Erie","029",,"0048",,"Tract    0048     in Buffalo NY",5691,3444,1607,623,15,2,1612,881,701,30,0,1,0,0,0,8,50,382,279,154,7
"G36002900049","1930","New York","36","Erie","029",,"0049",,"Tract    0049     in Buffalo NY",10013,4866,3312,1820,11,4,2764,1052,1679,33,0,3,0,1,2,55,160,529,261,17,24
"G36002900050","1930","New York","36","Erie","029",,"0050",,"Tract    0050     in Buffalo NY",2959,1498,920,537,2,2,814,300,502,12,0,5,1,1,8,62,79,112,22,10,0
"G36002900051","1930","New York","36","Erie","029",,"0051",,"Tract    0051     in Buffalo NY",4103,2468,1128,497,5,5,1218,451,757,10,0,0,0,1,6,50,253,118,18,3,2
"G36002900052","1930","New York","36","Erie","029",,"0052",,"Tract    0052     in Buffalo NY",9066,4703,3232,1115,14,2,2387,1343,1026,18,3,0,2,0,15,92,185,520,293,217,16
"G36002900053","1930","New York","36","Erie","029",,"0053",,"Tract    0053     in Buffalo NY",1180,580,463,133,4,0,294,203,89,2,0,0,0,0,1,3,8,38,63,82,8
"G36002900054","1930","New York","36","Erie","029",,"0054",,"Tract    0054     in Buffalo NY",3885,2283,1024,561,15,2,1076,545,518,13,0,0,0,0,1,1,16,150,148,224,5
"G36002900055","1930","New York","36","Erie","029",,"0055",,"Tract    0055     in Buffalo NY",10762,890,6075,3796,0,1,2126,796,1310,20,1,2,8,52,224,257,88,105,35,21,3
"G36002900056","1930","New York","36","Erie","029",,"0056",,"Tract    0056     in Buffalo NY",5017,751,2588,1677,1,0,1082,447,615,20,0,1,0,8,74,144,139,55,14,5,7
"G36002900057","1930","New York","36","Erie","029",,"0057",,"Tract    0057     in Buffalo NY",4032,1619,1417,982,0,14,959,451,498,10,0,0,2,11,132,210,55,27,5,5,4
"G36002900058","1930","New York","36","Erie","029",,"0058",,"Tract    0058     in Buffalo NY",11882,4920,4022,2940,0,0,2963,1440,1502,21,7,1,0,8,180,654,307,163,21,25,74
"G36002900059","1930","New York","36","Erie","029",,"0059",,"Tract    0059     in Buffalo NY",6668,2264,2604,1791,2,7,1662,767,877,18,4,4,24,63,236,243,92,58,14,6,23
"G36002900060","1930","New York","36","Erie","029",,"0060",,"Tract    0060     in Buffalo NY",9629,4243,3230,2112,42,2,2404,801,1579,24,0,5,1,21,218,303,132,80,21,9,11
"G36002900061","1930","New York","36","Erie","029",,"0061",,"Tract    0061     in Buffalo NY",10166,4100,3666,2375,20,5,2630,906,1653,71,10,1,0,7,129,292,185,183,51,25,23
"G36002900062","1930","New York","36","Erie","029",,"0062",,"Tract    0062     in Buffalo NY",3671,1220,1233,1174,39,5,324,116,207,1,0,0,0,1,6,35,36,35,3,0,0
"G36002900063","1930","New York","36","Erie","029",,"0063",,"Tract    0063     in Buffalo NY",10094,5116,3080,1854,43,1,2740,1299,1402,39,0,2,0,4,11,60,116,377,310,393,26
"G36002900064","1930","New York","36","Erie","029",,"0064",,"Tract    0064     in Buffalo NY",1098,585,339,172,2,0,337,144,184,9,0,1,0,0,1,12,24,47,21,31,7
"G36002900065","1930","New York","36","Erie","029",,"0065",,"Tract    0065     in Buffalo NY",8954,4698,2675,1548,26,7,2432,1035,1334,63,0,1,1,1,13,59,147,328,198,230,57
"G36002900066","1930","New York","36","Erie","029",,"0066",,"Tract    0066     in Buffalo NY",6298,3264,1798,1200,30,6,1727,677,930,120,1,0,0,1,35,76,71,175,104,152,62
"G36002900067","1930","New York","36","Erie","029",,"0067",,"Tract    0067     in Buffalo NY",9104,4827,2564,1649,54,10,2738,722,1941,75,0,0,0,1,37,71,51,131,114,291,26
"G36002900068","1930","New York","36","Erie","029",,"0068",,"Tract    0068     in Buffalo NY",7717,3771,2238,1678,15,15,1952,471,1426,55,1,1,0,0,21,121,61,96,50,84,36
"G36002900069","1930","New York","36","Erie","029",,"0069",,"Tract    0069     in Buffalo NY",15513,4925,6558,3986,32,12,3774,1376,2354,44,2,1,1,18,220,464,286,260,57,37,30
"G36002900070","1930","New York","36","Erie","029",,"0070",,"Tract    0070     in Buffalo NY",7365,1308,3821,2213,22,1,1598,571,994,33,0,0,1,6,57,165,130,143,32,25,12
"G36002900071","1930","New York","36","Erie","029",,"0071",,"Tract    0071     in Buffalo NY",19573,2862,9926,6680,20,85,4396,1124,3203,69,3,3,8,51,226,367,144,168,76,38,40
"G36002900072","1930","New York","36","Erie","029",,"0072",,"Tract    0072     in Buffalo NY",6533,1761,2652,1981,58,81,1030,76,904,50,0,0,0,1,4,16,8,10,10,20,7
"G39004900001A","1930","Ohio","39","Franklin","049",,"0001","A","Tract    0001A   in Columbus OH",3131,909,510,285,1427,0,751,155,575,21,5,4,14,24,69,28,7,1,0,1,2
"G39004900001B","1930","Ohio","39","Franklin","049",,"0001","B","Tract    0001B   in Columbus OH",7028,5496,877,366,256,33,1855,157,1683,15,0,3,6,24,54,33,11,11,3,11,1
"G39004900001C","1930","Ohio","39","Franklin","049",,"0001","C","Tract    0001C   in Columbus OH",3834,2946,567,164,156,1,946,234,704,8,2,3,6,39,92,65,9,6,4,3,5
"G39004900001D","1930","Ohio","39","Franklin","049",,"0001","D","Tract    0001D   in Columbus OH",3069,1940,615,292,222,0,913,270,635,8,4,3,12,17,80,114,22,13,1,1,3
"G39004900002A","1930","Ohio","39","Franklin","049",,"0002","A","Tract    0002A   in Columbus OH",5794,2621,790,469,1886,28,334,25,288,21,0,0,1,8,4,5,4,0,0,1,2
"G39004900002B","1930","Ohio","39","Franklin","049",,"0002","B","Tract    0002B   in Columbus OH",7896,4076,1160,583,2072,5,2097,365,1702,30,0,3,9,37,108,104,33,20,13,37,1
"G39004900002C","1930","Ohio","39","Franklin","049",,"0002","C","Tract    0002C   in Columbus OH",4936,3907,636,206,187,0,1198,369,820,9,9,15,14,59,157,101,10,4,0,0,0
"G39004900003A","1930","Ohio","39","Franklin","049",,"0003","A","Tract    0003A   in Columbus OH",2195,1536,269,124,256,10,601,94,456,51,1,1,1,10,28,30,7,12,0,2,2
"G39004900003B","1930","Ohio","39","Franklin","049",,"0003","B","Tract    0003B   in Columbus OH",5857,3664,1334,685,169,5,1644,556,1072,16,4,32,74,146,225,68,5,1,0,0,1
"G39004900003C","1930","Ohio","39","Franklin","049",,"0003","C","Tract    0003C   in Columbus OH",2101,1663,325,113,0,0,547,314,230,3,2,0,3,36,163,94,8,4,0,0,4
"G39004900004A","1930","Ohio","39","Franklin","049",,"0004","A","Tract    0004A   in Columbus OH",6292,1998,577,204,3495,18,1703,318,1363,22,0,2,6,16,86,102,27,36,9,31,3
"G39004900004B","1930","Ohio","39","Franklin","049",,"0004","B","Tract    0004B   in Columbus OH",7329,4607,1840,814,66,2,2011,841,1148,22,6,18,46,116,319,231,43,34,13,10,5
"G39004900004C","1930","Ohio","39","Franklin","049",,"0004","C","Tract    0004C   in Columbus OH",5318,4604,467,157,90,0,1430,705,699,26,11,12,27,93,303,207,32,9,1,2,8
"G39004900005A","1930","Ohio","39","Franklin","049",,"0005","A","Tract    0005A   in Columbus OH",4359,2619,605,209,926,0,986,196,759,31,0,3,4,16,88,66,11,4,3,0,1
"G39004900005B","1930","Ohio","39","Franklin","049",,"0005","B","Tract    0005B   in Columbus OH",9918,7314,1910,671,22,1,2646,1327,1296,23,2,10,4,40,360,714,112,56,16,7,6
"G39004900005C","1930","Ohio","39","Franklin","049",,"0005","C","Tract    0005C   in Columbus OH",11431,8878,1430,587,534,2,1596,634,949,13,22,15,35,102,265,160,18,9,0,2,6
"G39004900006A","1930","Ohio","39","Franklin","049",,"0006","A","Tract    0006A   in Columbus OH",11471,1856,818,461,8322,14,2936,801,2099,36,5,13,23,90,318,208,53,42,16,27,6
"G39004900006B","1930","Ohio","39","Franklin","049",,"0006","B","Tract    0006B   in Columbus OH",7736,4686,1212,957,881,0,1853,644,1176,33,1,14,27,94,316,162,15,10,3,1,1
"G39004900006C","1930","Ohio","39","Franklin","049",,"0006","C","Tract    0006C   in Columbus OH",4253,3579,509,120,45,0,1236,798,430,8,2,2,7,25,250,436,62,7,2,0,5
"G39004900007A","1930","Ohio","39","Franklin","049",,"0007","A","Tract    0007A   in Columbus OH",6499,842,280,152,5225,0,1714,633,1049,32,4,15,22,57,218,219,44,35,7,10,2
"G39004900007B","1930","Ohio","39","Franklin","049",,"0007","B","Tract    0007B   in Columbus OH",4485,3281,723,211,260,10,1370,551,814,5,0,0,0,14,63,151,79,115,61,66,2
"G39004900007C","1930","Ohio","39","Franklin","049",,"0007","C","Tract    0007C   in Columbus OH",12103,9424,1292,300,1085,2,3207,1913,1277,17,5,24,36,143,624,920,114,23,8,6,10
"G39004900008A","1930","Ohio","39","Franklin","049",,"0008","A","Tract    0008A   in Columbus OH",1181,470,84,41,586,0,237,96,141,0,2,2,6,32,46,7,1,0,0,0,0
"G39004900008B","1930","Ohio","39","Franklin","049",,"0008","B","Tract    0008B   in Columbus OH",9623,6248,1883,762,728,2,2642,976,1638,28,0,3,7,54,224,435,139,81,19,9,5
"G39004900008C","1930","Ohio","39","Franklin","049",,"0008","C","Tract    0008C   in Columbus OH",5860,5073,660,126,1,0,1591,990,594,7,1,0,4,19,192,584,138,37,11,3,1
"G39004900009A","1930","Ohio","39","Franklin","049",,"0009","A","Tract    0009A   in Columbus OH",4179,2227,925,567,460,0,900,401,485,14,2,6,16,41,187,130,9,6,1,1,2
"G39004900009B","1930","Ohio","39","Franklin","049",,"0009","B","Tract    0009B   in Columbus OH",8324,5074,1915,1037,297,1,2164,1182,973,9,1,1,9,64,359,600,105,28,2,0,13
"G39004900009C","1930","Ohio","39","Franklin","049",,"0009","C","Tract    0009C   in Columbus OH",4145,3474,510,109,51,1,1147,807,337,3,2,0,2,22,214,296,186,65,15,3,2
"G39004900010A","1930","Ohio","39","Franklin","049",,"0010","A","Tract    0010A   in Columbus OH",3976,2780,508,179,508,1,1141,273,847,21,0,1,2,34,126,92,12,3,1,2,0
"G39004900010B","1930","Ohio","39","Franklin","049",,"0010","B","Tract    0010B   in Columbus OH",2458,1986,340,132,0,0,638,343,284,11,0,1,4,12,141,171,6,1,0,0,7
"G39004900011A","1930","Ohio","39","Franklin","049",,"0011","A","Tract    0011A   in Columbus OH",3334,2831,377,91,26,9,957,163,775,19,0,0,0,2,12,33,41,49,14,10,2
"G39004900011B","1930","Ohio","39","Franklin","049",,"0011","B","Tract    0011B   in Columbus OH",7224,5490,1315,335,83,1,1992,880,1100,12,1,2,4,10,74,162,115,240,145,125,2
"G39004900012A","1930","Ohio","39","Franklin","049",,"0012","A","Tract    0012A   in Columbus OH",4715,3453,809,291,162,0,1300,427,856,17,0,2,2,26,86,151,79,64,11,5,1
"G39004900012B","1930","Ohio","39","Franklin","049",,"0012","B","Tract    0012B   in Columbus OH",7714,5678,1339,384,312,1,2053,1086,958,9,2,5,6,19,173,394,254,171,29,17,16
"G39004900013A","1930","Ohio","39","Franklin","049",,"0013","A","Tract    0013A   in Columbus OH",2791,2279,355,124,32,1,731,255,475,1,1,0,8,36,110,82,14,3,1,0,0
"G39004900013B","1930","Ohio","39","Franklin","049",,"0013","B","Tract    0013B   in Columbus OH",8384,6133,1709,541,1,0,2361,1318,1032,11,2,5,9,21,195,569,342,157,5,5,8
"G39004900014A","1930","Ohio","39","Franklin","049",,"0014","A","Tract    0014A   in Columbus OH",8376,7185,932,237,10,12,2475,992,1444,39,2,2,1,14,98,262,211,256,98,47,1
"G39004900015A","1930","Ohio","39","Franklin","049",,"0015","A","Tract    0015A   in Columbus OH",3840,3105,399,95,238,3,1153,288,842,23,1,1,0,19,77,96,36,31,6,18,3
"G39004900016A","1930","Ohio","39","Franklin","049",,"0016","A","Tract    0016A   in Columbus OH",3533,2511,363,107,552,0,1022,236,773,13,1,0,3,12,88,79,26,23,3,1,0
"G39004900017A","1930","Ohio","39","Franklin","049",,"0017","A","Tract    0017A   in Columbus OH",3647,3098,460,84,4,1,1062,462,595,5,0,1,0,1,20,108,111,107,47,63,4
"G39004900018A","1930","Ohio","39","Franklin","049",,"0018","A","Tract    0018A   in Columbus OH",3831,2696,538,233,364,0,958,451,501,6,5,13,13,35,152,186,26,19,2,0,0
"G39004900019A","1930","Ohio","39","Franklin","049",,"0019","A","Tract    0019A   in Columbus OH",2707,1915,357,182,253,0,670,336,332,2,1,3,4,24,159,124,11,6,0,2,2
"G39004900020A","1930","Ohio","39","Franklin","049",,"0020","A","Tract    0020A   in Columbus OH",4537,3903,472,159,3,0,1178,641,533,4,27,39,23,87,180,209,50,22,2,0,2
"G39004900021A","1930","Ohio","39","Franklin","049",,"0021","A","Tract    0021A   in Columbus OH",2781,2367,324,75,4,11,806,358,441,7,0,0,0,0,6,34,55,127,86,50,0
"G39004900022A","1930","Ohio","39","Franklin","049",,"0022","A","Tract    0022A   in Columbus OH",3492,2872,364,97,152,7,1061,382,661,18,1,0,3,13,98,152,67,28,9,6,5
"G39004900023A","1930","Ohio","39","Franklin","049",,"0023","A","Tract    0023A   in Columbus OH",6234,5243,787,193,11,0,1793,819,966,8,0,0,0,3,114,356,204,113,24,1,4
"G39004900024A","1930","Ohio","39","Franklin","049",,"0024","A","Tract    0024A   in Columbus OH",5403,4616,600,154,31,2,1560,645,910,5,2,2,4,23,125,269,137,57,15,5,6
"G39004900025A","1930","Ohio","39","Franklin","049",,"0025","A","Tract    0025A   in Columbus OH",3724,3259,376,83,6,0,1035,645,384,6,0,0,0,7,61,263,274,30,6,0,4
"G39004900026A","1930","Ohio","39","Franklin","049",,"0026","A","Tract    0026A   in Columbus OH",6893,5894,799,188,9,3,2007,1120,884,3,0,3,2,5,51,358,393,194,63,47,4
"G39004900027A","1930","Ohio","39","Franklin","049",,"0027","A","Tract    0027A   in Columbus OH",5047,4232,670,138,6,1,1442,1287,146,9,1,0,2,2,9,132,456,554,80,43,8
"G39004900028A","1930","Ohio","39","Franklin","049",,"0028","A","Tract    0028A   in Columbus OH",1252,1047,160,36,9,0,366,300,63,3,0,1,0,3,13,72,85,46,38,39,3
"G39004900029A","1930","Ohio","39","Franklin","049",,"0029","A","Tract    0029A   in Columbus OH",635,569,56,10,0,0,157,114,43,0,6,8,18,24,30,16,5,0,1,1,5
"G39004900030A","1930","Ohio","39","Franklin","049",,"0030","A","Tract    0030A   in Columbus OH",8600,7572,833,189,0,6,2206,1478,714,14,4,10,15,101,433,713,124,55,4,6,13
"G39004900031A","1930","Ohio","39","Franklin","049",,"0031","A","Tract    0031A   in Columbus OH",4214,3333,461,137,282,1,1004,551,445,8,3,3,3,14,59,158,100,92,51,67,1
"G39004900031B","1930","Ohio","39","Franklin","049",,"0031","B","Tract    0031B   in Columbus OH",875,719,112,33,11,0,238,164,72,2,6,10,7,14,30,23,12,13,17,24,8
"G42000300001A","1930","Pennsylvania","42","Allegheny","003",,"0001","A","Tract    0001A    in Pittsburgh PA",1085,582,233,161,26,83,102,10,84,8,1,0,0,0,0,2,0,0,2,5,0
"G42000300001B","1930","Pennsylvania","42","Allegheny","003",,"0001","B","Tract    0001B    in Pittsburgh PA",8460,2462,3507,2253,231,7,1767,270,1484,13,0,1,0,1,35,69,58,62,22,19,3
"G42000300002A","1930","Pennsylvania","42","Allegheny","003",,"0002","A","Tract    0002A    in Pittsburgh PA",765,329,256,160,3,17,56,3,45,8,1,0,0,0,0,0,0,0,0,2,0
"G42000300002B","1930","Pennsylvania","42","Allegheny","003",,"0002","B","Tract    0002B    in Pittsburgh PA",2149,366,771,659,340,13,203,20,178,5,0,0,0,0,2,3,4,4,4,3,0
"G42000300002C","1930","Pennsylvania","42","Allegheny","003",,"0002","C","Tract    0002C    in Pittsburgh PA",1054,203,491,317,33,10,224,8,215,1,0,0,0,0,1,1,2,3,0,1,0
"G42000300002D","1930","Pennsylvania","42","Allegheny","003",,"0002","D","Tract    0002D    in Pittsburgh PA",2152,513,925,492,222,0,440,37,396,7,3,0,0,2,6,6,4,11,2,3,0
"G42000300002E","1930","Pennsylvania","42","Allegheny","003",,"0002","E","Tract    0002E    in Pittsburgh PA",588,85,118,67,318,0,125,39,84,2,1,9,7,13,4,2,1,1,0,0,1
"G42000300003A","1930","Pennsylvania","42","Allegheny","003",,"0003","A","Tract    0003A    in Pittsburgh PA",1929,220,651,483,575,0,429,87,330,12,0,0,0,3,23,23,19,14,2,2,1
"G42000300003B","1930","Pennsylvania","42","Allegheny","003",,"0003","B","Tract    0003B    in Pittsburgh PA",4231,401,1626,1262,926,16,809,108,673,28,0,1,1,2,18,24,23,24,3,11,1
"G42000300003C","1930","Pennsylvania","42","Allegheny","003",,"0003","C","Tract    0003C    in Pittsburgh PA",5524,258,1023,897,3334,12,1365,95,1219,51,0,1,0,0,17,40,18,12,0,6,1
"G42000300003D","1930","Pennsylvania","42","Allegheny","003",,"0003","D","Tract    0003D    in Pittsburgh PA",5321,311,1026,1092,2879,13,1181,177,993,11,0,1,2,2,31,65,37,23,5,7,4
"G42000300003E","1930","Pennsylvania","42","Allegheny","003",,"0003","E","Tract    0003E    in Pittsburgh PA",5135,401,1862,1707,1159,6,1123,263,830,30,0,0,0,7,28,73,57,62,10,13,13
"G42000300004A","1930","Pennsylvania","42","Allegheny","003",,"0004","A","Tract    0004A    in Pittsburgh PA",2941,706,1098,608,527,2,676,225,447,4,0,15,21,32,51,50,27,18,2,7,2
"G42000300004B","1930","Pennsylvania","42","Allegheny","003",,"0004","B","Tract    0004B    in Pittsburgh PA",2072,367,732,499,473,1,472,63,396,13,0,0,1,4,15,9,8,19,3,4,0
"G42000300004C","1930","Pennsylvania","42","Allegheny","003",,"0004","C","Tract    0004C    in Pittsburgh PA",2375,1066,856,452,0,1,447,217,223,7,0,3,0,1,19,85,39,43,16,10,1
"G42000300004D","1930","Pennsylvania","42","Allegheny","003",,"0004","D","Tract    0004D    in Pittsburgh PA",3737,2401,916,363,55,2,1083,161,910,12,0,0,0,0,0,1,1,10,20,125,4
"G42000300004E","1930","Pennsylvania","42","Allegheny","003",,"0004","E","Tract    0004E    in Pittsburgh PA",1462,697,469,265,28,3,449,41,407,1,0,0,0,0,4,8,5,11,6,7,0
"G42000300004F","1930","Pennsylvania","42","Allegheny","003",,"0004","F","Tract    0004F    in Pittsburgh PA",7346,2832,2769,1709,19,17,1800,458,1271,71,0,1,1,4,28,72,106,154,44,44,4
"G42000300004G","1930","Pennsylvania","42","Allegheny","003",,"0004","G","Tract    0004G    in Pittsburgh PA",1232,470,437,319,6,0,305,62,239,4,0,0,0,0,1,11,25,14,6,4,1
"G42000300004H","1930","Pennsylvania","42","Allegheny","003",,"0004","H","Tract    0004H    in Pittsburgh PA",4121,787,1970,1148,216,0,898,347,516,35,2,5,11,28,103,111,46,32,2,3,4
"G42000300004I","1930","Pennsylvania","42","Allegheny","003",,"0004","I","Tract    0004I    in Pittsburgh PA",3063,732,1418,879,34,0,704,277,421,6,0,1,2,2,41,84,74,55,10,1,7
"G42000300005A","1930","Pennsylvania","42","Allegheny","003",,"0005","A","Tract    0005A    in Pittsburgh PA",1919,114,149,112,1543,1,406,76,324,6,0,4,2,8,24,21,8,7,2,0,0
"G42000300005B","1930","Pennsylvania","42","Allegheny","003",,"0005","B","Tract    0005B    in Pittsburgh PA",1072,202,246,139,483,2,212,47,164,1,0,0,0,2,2,27,7,7,0,2,0
"G42000300005C","1930","Pennsylvania","42","Allegheny","003",,"0005","C","Tract    0005C    in Pittsburgh PA",7452,279,1367,1392,4410,4,1716,305,1388,23,2,2,1,14,81,105,35,45,13,7,0
"G42000300005D","1930","Pennsylvania","42","Allegheny","003",,"0005","D","Tract    0005D    in Pittsburgh PA",5028,74,285,204,4464,1,1282,244,965,73,0,2,0,16,69,94,33,24,1,1,4
"G42000300005E","1930","Pennsylvania","42","Allegheny","003",,"0005","E","Tract    0005E    in Pittsburgh PA",2476,96,279,211,1889,1,566,131,434,1,0,0,3,9,32,61,15,7,3,1,0
"G42000300005F","1930","Pennsylvania","42","Allegheny","003",,"0005","F","Tract    0005F    in Pittsburgh PA",972,96,320,193,361,2,223,78,145,0,0,2,6,28,33,9,0,0,0,0,0
"G42000300005G","1930","Pennsylvania","42","Allegheny","003",,"0005","G","Tract    0005G    in Pittsburgh PA",2415,281,476,337,1314,7,511,135,375,1,0,10,10,31,35,26,14,6,2,1,0
"G42000300005H","1930","Pennsylvania","42","Allegheny","003",,"0005","H","Tract    0005H    in Pittsburgh PA",776,101,201,158,316,0,181,72,109,0,0,0,1,5,14,17,10,13,5,7,0
"G42000300005I","1930","Pennsylvania","42","Allegheny","003",,"0005","I","Tract    0005I    in Pittsburgh PA",5957,1662,2117,1290,887,1,1314,589,722,3,2,5,10,34,97,152,107,104,34,43,1
"G42000300005J","1930","Pennsylvania","42","Allegheny","003",,"0005","J","Tract    0005J    in Pittsburgh PA",1112,740,252,81,28,11,259,39,201,19,0,0,2,0,5,4,2,8,14,4,0
"G42000300006A","1930","Pennsylvania","42","Allegheny","003",,"0006","A","Tract    0006A    in Pittsburgh PA",2341,118,794,471,957,1,524,21,473,30,0,0,0,1,2,4,3,4,5,1,1
"G42000300006B","1930","Pennsylvania","42","Allegheny","003",,"0006","B","Tract    0006B    in Pittsburgh PA",4535,612,2600,1089,234,0,1035,265,762,8,3,0,5,36,105,80,14,15,2,4,1
"G42000300006C","1930","Pennsylvania","42","Allegheny","003",,"0006","C","Tract    0006C    in Pittsburgh PA",5182,1360,2275,1115,429,3,1094,282,790,22,1,1,2,16,92,88,27,29,12,11,3
"G42000300006D","1930","Pennsylvania","42","Allegheny","003",,"0006","D","Tract    0006D    in Pittsburgh PA",3464,1346,1385,493,240,0,855,221,631,3,0,0,0,9,77,103,22,9,0,1,0
"G42000300006E","1930","Pennsylvania","42","Allegheny","003",,"0006","E","Tract    0006E    in Pittsburgh PA",3085,637,1406,554,488,0,660,234,410,16,0,4,6,32,96,75,12,6,3,0,0
"G42000300007A","1930","Pennsylvania","42","Allegheny","003",,"0007","A","Tract    0007A    in Pittsburgh PA",1930,1238,395,263,32,2,505,167,322,16,0,0,0,0,0,4,0,3,9,151,0
"G42000300007B","1930","Pennsylvania","42","Allegheny","003",,"0007","B","Tract    0007B    in Pittsburgh PA",2061,1388,456,174,40,3,516,136,373,7,0,0,0,0,5,14,22,25,27,43,0
"G42000300007C","1930","Pennsylvania","42","Allegheny","003",,"0007","C","Tract    0007C    in Pittsburgh PA",3445,2073,790,440,140,2,894,332,546,16,0,0,1,1,4,26,29,86,56,121,8
"G42000300007D","1930","Pennsylvania","42","Allegheny","003",,"0007","D","Tract    0007D    in Pittsburgh PA",1856,1030,458,216,151,1,492,109,382,1,0,0,0,0,8,46,16,28,4,7,0
"G42000300007E","1930","Pennsylvania","42","Allegheny","003",,"0007","E","Tract    0007E    in Pittsburgh PA",2337,1466,596,232,43,0,611,204,397,10,0,0,0,1,5,11,40,72,47,27,1
"G42000300007F","1930","Pennsylvania","42","Allegheny","003",,"0007","F","Tract    0007F    in Pittsburgh PA",2169,1392,513,204,60,0,640,201,428,11,0,0,0,0,1,16,17,43,34,84,6
"G42000300007G","1930","Pennsylvania","42","Allegheny","003",,"0007","G","Tract    0007G    in Pittsburgh PA",2149,936,472,255,482,4,537,99,436,2,0,0,0,0,8,22,16,31,10,11,1
"G42000300007H","1930","Pennsylvania","42","Allegheny","003",,"0007","H","Tract    0007H    in Pittsburgh PA",1179,654,345,162,18,0,266,100,151,15,0,1,0,0,3,9,8,37,23,18,1
"G42000300008A","1930","Pennsylvania","42","Allegheny","003",,"0008","A","Tract    0008A    in Pittsburgh PA",2946,1404,1028,492,21,1,707,239,457,11,0,0,0,3,20,65,39,70,21,21,0
"G42000300008B","1930","Pennsylvania","42","Allegheny","003",,"0008","B","Tract    0008B    in Pittsburgh PA",5323,1586,2458,1128,150,1,1178,434,729,15,1,8,14,42,141,152,34,17,11,5,9
"G42000300008C","1930","Pennsylvania","42","Allegheny","003",,"0008","C","Tract    0008C    in Pittsburgh PA",1369,716,467,163,18,5,377,101,275,1,0,0,0,0,0,2,17,46,26,10,0
"G42000300008D","1930","Pennsylvania","42","Allegheny","003",,"0008","D","Tract    0008D    in Pittsburgh PA",2091,1118,724,231,17,1,526,229,293,4,0,3,0,0,24,50,58,61,10,22,1
"G42000300008E","1930","Pennsylvania","42","Allegheny","003",,"0008","E","Tract    0008E    in Pittsburgh PA",1684,889,553,228,11,3,318,84,231,3,0,0,0,0,5,19,7,17,13,23,0
"G42000300008F","1930","Pennsylvania","42","Allegheny","003",,"0008","F","Tract    0008F    in Pittsburgh PA",3002,1698,938,343,23,0,704,434,236,34,0,1,2,0,1,14,31,118,136,111,20
"G42000300008G","1930","Pennsylvania","42","Allegheny","003",,"0008","G","Tract    0008G    in Pittsburgh PA",2041,1324,503,196,15,3,431,230,184,17,0,0,0,1,0,0,0,25,114,90,0
"G42000300008H","1930","Pennsylvania","42","Allegheny","003",,"0008","H","Tract    0008H    in Pittsburgh PA",2126,1193,414,181,334,4,507,102,383,22,0,0,0,1,3,10,6,38,22,19,3
"G42000300009A","1930","Pennsylvania","42","Allegheny","003",,"0009","A","Tract    0009A    in Pittsburgh PA",8195,1807,4164,1887,334,3,1634,421,1192,21,0,0,3,35,124,156,52,32,9,7,3
"G42000300009B","1930","Pennsylvania","42","Allegheny","003",,"0009","B","Tract    0009B    in Pittsburgh PA",7369,2975,3118,1203,70,3,1542,590,937,15,0,3,4,19,138,226,100,77,17,5,1
"G42000300009C","1930","Pennsylvania","42","Allegheny","003",,"0009","C","Tract    0009C    in Pittsburgh PA",4531,2007,1753,675,96,0,1106,364,701,41,1,5,2,23,67,169,49,30,9,6,3
"G42000300010A","1930","Pennsylvania","42","Allegheny","003",,"0010","A","Tract    0010A    in Pittsburgh PA",9071,2757,4335,1945,32,2,1969,698,1254,17,9,24,30,97,238,202,46,40,6,3,3
"G42000300010B","1930","Pennsylvania","42","Allegheny","003",,"0010","B","Tract    0010B    in Pittsburgh PA",1198,394,474,218,112,0,257,112,142,3,3,1,4,12,43,32,12,4,1,0,0
"G42000300010C","1930","Pennsylvania","42","Allegheny","003",,"0010","C","Tract    0010C    in Pittsburgh PA",650,358,227,65,0,0,151,124,27,0,0,1,0,2,25,32,28,34,2,0,0
"G42000300010D","1930","Pennsylvania","42","Allegheny","003",,"0010","D","Tract    0010D    in Pittsburgh PA",5648,2591,2062,847,143,5,1338,822,504,12,0,6,1,13,23,103,151,413,71,24,17
"G42000300010E","1930","Pennsylvania","42","Allegheny","003",,"0010","E","Tract    0010E    in Pittsburgh PA",236,92,92,41,11,0,48,32,16,0,0,0,0,1,8,9,7,5,0,2,0
"G42000300010F","1930","Pennsylvania","42","Allegheny","003",,"0010","F","Tract    0010F    in Pittsburgh PA",8506,2988,2732,1209,1576,1,1986,839,1136,11,8,14,20,105,275,228,108,67,11,3,0
"G42000300011A","1930","Pennsylvania","42","Allegheny","003",,"0011","A","Tract    0011A    in Pittsburgh PA",39,26,12,1,0,0,8,0,8,0,0,0,0,0,0,0,0,0,0,0,0
"G42000300011B","1930","Pennsylvania","42","Allegheny","003",,"0011","B","Tract    0011B    in Pittsburgh PA",2012,773,767,445,27,0,459,294,162,3,0,0,0,0,0,2,12,113,79,83,5
"G42000300011C","1930","Pennsylvania","42","Allegheny","003",,"0011","C","Tract    0011C    in Pittsburgh PA",3741,1928,1135,567,110,1,862,428,407,27,0,0,0,1,4,20,40,165,81,117,0
"G42000300011D","1930","Pennsylvania","42","Allegheny","003",,"0011","D","Tract    0011D    in Pittsburgh PA",3362,2011,893,389,69,0,806,557,242,7,0,0,0,0,0,2,37,131,119,266,2
"G42000300011E","1930","Pennsylvania","42","Allegheny","003",,"0011","E","Tract    0011E    in Pittsburgh PA",288,103,142,43,0,0,72,41,31,0,0,0,1,2,16,11,3,3,3,2,0
"G42000300011F","1930","Pennsylvania","42","Allegheny","003",,"0011","F","Tract    0011F    in Pittsburgh PA",1574,655,523,261,133,2,389,140,244,5,0,1,0,9,9,18,24,42,22,15,0
"G42000300011G","1930","Pennsylvania","42","Allegheny","003",,"0011","G","Tract    0011G    in Pittsburgh PA",2326,960,839,520,7,0,601,226,361,14,0,0,0,0,2,28,31,97,29,39,0
"G42000300011H","1930","Pennsylvania","42","Allegheny","003",,"0011","H","Tract    0011H    in Pittsburgh PA",4275,1705,1567,925,78,0,996,532,451,13,0,0,1,3,31,78,96,184,107,31,1
"G42000300011I","1930","Pennsylvania","42","Allegheny","003",,"0011","I","Tract    0011I    in Pittsburgh PA",3202,1760,596,383,460,3,877,170,636,71,0,0,0,1,26,36,40,45,11,9,2
"G42000300011J","1930","Pennsylvania","42","Allegheny","003",,"0011","J","Tract    0011J    in Pittsburgh PA",3097,1442,737,453,455,10,710,120,578,12,0,2,2,4,16,25,21,28,18,2,2
"G42000300012A","1930","Pennsylvania","42","Allegheny","003",,"0012","A","Tract    0012A    in Pittsburgh PA",1640,790,544,241,65,0,258,146,111,1,0,5,1,8,14,75,13,23,4,0,3
"G42000300012B","1930","Pennsylvania","42","Allegheny","003",,"0012","B","Tract    0012B    in Pittsburgh PA",3299,1357,1209,502,231,0,696,404,278,14,0,1,3,14,61,148,116,53,6,2,0
"G42000300012C","1930","Pennsylvania","42","Allegheny","003",,"0012","C","Tract    0012C    in Pittsburgh PA",4995,1891,1715,803,579,7,1131,567,526,38,0,0,9,33,151,209,89,61,11,0,4
"G42000300012D","1930","Pennsylvania","42","Allegheny","003",,"0012","D","Tract    0012D    in Pittsburgh PA",6286,755,2471,1460,1598,2,1292,451,817,24,0,4,4,11,70,177,86,75,16,8,0
"G42000300012E","1930","Pennsylvania","42","Allegheny","003",,"0012","E","Tract    0012E    in Pittsburgh PA",4607,898,1555,931,1221,2,1004,319,673,12,0,1,1,12,53,133,63,33,13,4,6
"G42000300012F","1930","Pennsylvania","42","Allegheny","003",,"0012","F","Tract    0012F    in Pittsburgh PA",1801,642,449,183,525,2,403,77,308,18,0,1,0,2,9,20,20,14,9,2,0
"G42000300012G","1930","Pennsylvania","42","Allegheny","003",,"0012","G","Tract    0012G    in Pittsburgh PA",2249,1108,728,289,123,1,534,201,322,11,0,0,0,3,22,92,39,34,6,4,1
"G42000300012H","1930","Pennsylvania","42","Allegheny","003",,"0012","H","Tract    0012H    in Pittsburgh PA",1873,1044,496,191,141,1,466,137,322,7,0,1,1,1,12,37,25,50,5,2,3
"G42000300013A","1930","Pennsylvania","42","Allegheny","003",,"0013","A","Tract    0013A    in Pittsburgh PA",4709,1988,1379,621,721,0,1122,449,670,3,1,1,2,4,76,199,118,35,7,0,6
"G42000300013B","1930","Pennsylvania","42","Allegheny","003",,"0013","B","Tract    0013B    in Pittsburgh PA",5352,2396,1626,757,571,2,1349,636,704,9,1,0,0,3,37,132,245,190,17,5,6
"G42000300013C","1930","Pennsylvania","42","Allegheny","003",,"0013","C","Tract    0013C    in Pittsburgh PA",7047,3257,1893,823,1069,5,1719,365,1311,43,0,3,0,10,57,88,77,82,16,25,7
"G42000300013D","1930","Pennsylvania","42","Allegheny","003",,"0013","D","Tract    0013D    in Pittsburgh PA",6334,3581,1662,616,474,1,1610,424,1162,24,0,5,1,7,58,120,93,96,24,9,11
"G42000300013E","1930","Pennsylvania","42","Allegheny","003",,"0013","E","Tract    0013E    in Pittsburgh PA",3402,1032,1116,608,646,0,725,367,349,9,2,4,9,26,160,109,18,17,1,0,21
"G42000300013F","1930","Pennsylvania","42","Allegheny","003",,"0013","F","Tract    0013F    in Pittsburgh PA",3487,1133,1040,542,768,4,763,406,351,6,1,5,2,28,91,125,70,65,7,11,1
"G42000300014A","1930","Pennsylvania","42","Allegheny","003",,"0014","A","Tract    0014A    in Pittsburgh PA",3806,1922,1104,614,161,5,858,520,325,13,0,0,0,0,1,0,4,27,73,413,2
"G42000300014B","1930","Pennsylvania","42","Allegheny","003",,"0014","B","Tract    0014B    in Pittsburgh PA",1574,994,271,210,98,1,346,261,55,30,0,0,0,0,0,1,2,42,37,179,0
"G42000300014C","1930","Pennsylvania","42","Allegheny","003",,"0014","C","Tract    0014C    in Pittsburgh PA",5175,2818,1529,723,103,2,1172,629,541,2,0,1,1,0,2,5,9,68,148,343,52
"G42000300014D","1930","Pennsylvania","42","Allegheny","003",,"0014","D","Tract    0014D    in Pittsburgh PA",3097,1811,808,422,56,0,716,456,258,2,0,0,0,0,7,17,41,97,73,217,4
"G42000300014E","1930","Pennsylvania","42","Allegheny","003",,"0014","E","Tract    0014E    in Pittsburgh PA",3296,2235,708,227,125,1,923,323,591,9,0,0,1,0,1,7,24,93,90,105,2
"G42000300014F","1930","Pennsylvania","42","Allegheny","003",,"0014","F","Tract    0014F    in Pittsburgh PA",4207,2941,905,326,35,0,1109,628,441,40,0,1,0,1,5,41,61,185,139,181,14
"G42000300014G","1930","Pennsylvania","42","Allegheny","003",,"0014","G","Tract    0014G    in Pittsburgh PA",6105,1671,2908,1450,76,0,1464,489,962,13,0,1,1,14,44,9,11,117,82,202,8
"G42000300014H","1930","Pennsylvania","42","Allegheny","003",,"0014","H","Tract    0014H    in Pittsburgh PA",5968,1849,2589,1461,64,5,1298,731,544,23,0,0,0,1,1,10,26,200,190,271,32
"G42000300014I","1930","Pennsylvania","42","Allegheny","003",,"0014","I","Tract    0014I    in Pittsburgh PA",4027,1743,1598,672,12,2,979,464,505,10,0,1,0,5,7,15,39,217,109,68,3
"G42000300014J","1930","Pennsylvania","42","Allegheny","003",,"0014","J","Tract    0014J    in Pittsburgh PA",1525,1063,364,97,1,0,382,287,95,0,0,0,0,0,1,19,37,132,63,31,4
"G42000300014K","1930","Pennsylvania","42","Allegheny","003",,"0014","K","Tract    0014K    in Pittsburgh PA",1328,550,543,235,0,0,297,172,124,1,0,0,2,1,26,82,31,23,4,2,1
"G42000300015A","1930","Pennsylvania","42","Allegheny","003",,"0015","A","Tract    0015A    in Pittsburgh PA",6153,2053,2775,1207,118,0,1384,704,675,5,0,1,5,15,96,101,119,238,100,21,8
"G42000300015B","1930","Pennsylvania","42","Allegheny","003",,"0015","B","Tract    0015B    in Pittsburgh PA",5784,2280,2511,980,13,0,1269,716,544,9,0,1,6,44,137,242,188,86,7,1,4
"G42000300015C","1930","Pennsylvania","42","Allegheny","003",,"0015","C","Tract    0015C    in Pittsburgh PA",2692,1010,940,422,320,0,544,248,285,11,4,15,21,60,63,59,15,6,4,0,1
"G42000300015D","1930","Pennsylvania","42","Allegheny","003",,"0015","D","Tract    0015D    in Pittsburgh PA",5082,1582,1992,1133,374,1,1085,266,798,21,1,3,6,21,125,89,12,4,2,3,0
"G42000300015E","1930","Pennsylvania","42","Allegheny","003",,"0015","E","Tract    0015E    in Pittsburgh PA",9501,4305,3282,1597,317,0,2123,872,1212,39,4,17,19,54,214,299,139,96,15,9,6
"G42000300016A","1930","Pennsylvania","42","Allegheny","003",,"0016","A","Tract    0016A    in Pittsburgh PA",8532,2586,3607,1910,373,56,1837,479,1337,21,2,3,2,37,147,163,51,44,18,11,1
"G42000300016B","1930","Pennsylvania","42","Allegheny","003",,"0016","B","Tract    0016B    in Pittsburgh PA",7605,2418,3790,1396,0,1,1641,825,799,17,8,15,40,134,389,188,32,12,1,2,4
"G42000300016C","1930","Pennsylvania","42","Allegheny","003",,"0016","C","Tract    0016C    in Pittsburgh PA",9874,3643,4365,1856,10,0,2037,1042,981,14,8,40,72,212,359,237,57,34,6,5,12
"G42000300017A","1930","Pennsylvania","42","Allegheny","003",,"0017","A","Tract    0017A    in Pittsburgh PA",2374,461,1215,610,84,4,492,109,383,0,2,0,0,2,25,39,19,12,6,3,1
"G42000300017B","1930","Pennsylvania","42","Allegheny","003",,"0017","B","Tract    0017B    in Pittsburgh PA",14000,3859,6682,3228,219,12,3099,1113,1961,25,2,8,27,80,413,363,94,71,21,29,5
"G42000300017C","1930","Pennsylvania","42","Allegheny","003",,"0017","C","Tract    0017C    in Pittsburgh PA",6985,2261,3376,1254,94,0,1498,692,802,4,1,27,41,147,301,133,20,13,7,0,2
"G42000300018A","1930","Pennsylvania","42","Allegheny","003",,"0018","A","Tract    0018A    in Pittsburgh PA",4753,2348,1721,513,171,0,1205,622,580,3,0,3,5,20,84,158,197,123,24,5,3
"G42000300018B","1930","Pennsylvania","42","Allegheny","003",,"0018","B","Tract    0018B    in Pittsburgh PA",3313,1458,1327,492,36,0,804,400,392,12,6,7,5,43,167,124,26,8,3,5,6
"G42000300018C","1930","Pennsylvania","42","Allegheny","003",,"0018","C","Tract    0018C    in Pittsburgh PA",4727,2344,1825,548,4,6,1182,560,619,3,0,4,9,27,112,236,104,40,19,9,0
"G42000300018D","1930","Pennsylvania","42","Allegheny","003",,"0018","D","Tract    0018D    in Pittsburgh PA",8376,3544,2660,1058,1106,8,2069,1049,999,21,3,4,8,62,268,525,117,47,10,2,3
"G42000300018E","1930","Pennsylvania","42","Allegheny","003",,"0018","E","Tract    0018E    in Pittsburgh PA",805,262,354,186,3,0,185,108,75,2,0,0,1,6,37,25,13,18,4,3,1
"G42000300019A","1930","Pennsylvania","42","Allegheny","003",,"0019","A","Tract    0019A    in Pittsburgh PA",5109,2580,1786,593,150,0,1163,638,519,6,13,30,35,90,180,176,56,37,9,2,10
"G42000300019B","1930","Pennsylvania","42","Allegheny","003",,"0019","B","Tract    0019B    in Pittsburgh PA",2529,1677,653,197,2,0,574,287,274,13,0,0,2,8,49,101,63,42,16,3,3
"G42000300019C","1930","Pennsylvania","42","Allegheny","003",,"0019","C","Tract    0019C    in Pittsburgh PA",1345,716,477,152,0,0,305,150,152,3,1,4,1,20,45,59,11,6,2,0,1
"G42000300019D","1930","Pennsylvania","42","Allegheny","003",,"0019","D","Tract    0019D    in Pittsburgh PA",6863,3296,2337,1022,207,1,1690,630,1042,18,4,16,17,61,192,213,67,32,16,8,4
"G42000300019E","1930","Pennsylvania","42","Allegheny","003",,"0019","E","Tract    0019E    in Pittsburgh PA",4085,2204,1333,547,1,0,1013,502,501,10,1,4,7,40,138,192,68,25,11,2,14
"G42000300019F","1930","Pennsylvania","42","Allegheny","003",,"0019","F","Tract    0019F    in Pittsburgh PA",5809,2671,2106,963,69,0,1417,768,642,7,1,18,16,45,150,195,163,127,26,14,13
"G42000300019G","1930","Pennsylvania","42","Allegheny","003",,"0019","G","Tract    0019G    in Pittsburgh PA",4322,2205,1554,562,1,0,1109,674,430,5,0,4,0,15,41,202,215,160,26,11,0
"G42000300019H","1930","Pennsylvania","42","Allegheny","003",,"0019","H","Tract    0019H    in Pittsburgh PA",9116,5383,2817,911,5,0,2215,1594,613,8,3,7,8,19,116,284,485,557,74,27,14
"G42000300019I","1930","Pennsylvania","42","Allegheny","003",,"0019","I","Tract    0019I    in Pittsburgh PA",2301,1518,535,233,15,0,504,248,239,17,0,0,1,6,50,92,50,33,8,6,2
"G42000300020A","1930","Pennsylvania","42","Allegheny","003",,"0020","A","Tract    0020A    in Pittsburgh PA",1813,719,695,393,6,0,394,143,250,1,0,1,0,10,40,69,10,10,2,1,0
"G42000300020B","1930","Pennsylvania","42","Allegheny","003",,"0020","B","Tract    0020B    in Pittsburgh PA",1965,1226,570,155,14,0,469,283,185,1,1,0,0,4,50,111,59,49,6,0,3
"G42000300020C","1930","Pennsylvania","42","Allegheny","003",,"0020","C","Tract    0020C    in Pittsburgh PA",2215,1379,601,191,44,0,545,322,222,1,0,3,13,15,92,92,60,34,7,5,1
"G42000300020D","1930","Pennsylvania","42","Allegheny","003",,"0020","D","Tract    0020D    in Pittsburgh PA",2264,1303,701,240,17,3,538,345,190,3,0,1,3,18,51,88,66,94,9,8,7
"G42000300020E","1930","Pennsylvania","42","Allegheny","003",,"0020","E","Tract    0020E    in Pittsburgh PA",3527,1866,1134,439,88,0,814,492,318,4,5,5,6,35,121,199,75,39,4,0,3
"G42000300020F","1930","Pennsylvania","42","Allegheny","003",,"0020","F","Tract    0020F    in Pittsburgh PA",935,474,304,109,48,0,200,96,104,0,1,3,2,6,20,49,10,4,1,0,0
"G42000300020G","1930","Pennsylvania","42","Allegheny","003",,"0020","G","Tract    0020G    in Pittsburgh PA",3817,1750,1459,483,125,0,856,527,329,0,3,8,16,83,159,154,59,36,4,5,0
"G42000300020H","1930","Pennsylvania","42","Allegheny","003",,"0020","H","Tract    0020H    in Pittsburgh PA",3251,1679,1124,405,43,0,749,369,373,7,0,5,12,27,85,128,59,34,10,2,7
"G42000300020I","1930","Pennsylvania","42","Allegheny","003",,"0020","I","Tract    0020I    in Pittsburgh PA",1723,615,664,373,71,0,345,70,272,3,2,2,5,10,26,10,5,6,0,3,1
"G42000300020J","1930","Pennsylvania","42","Allegheny","003",,"0020","J","Tract    0020J    in Pittsburgh PA",1691,656,530,269,236,0,367,143,214,10,0,1,6,20,53,38,10,13,1,1,0
"G42000300020K","1930","Pennsylvania","42","Allegheny","003",,"0020","K","Tract    0020K    in Pittsburgh PA",586,254,212,62,58,0,136,66,69,1,1,4,0,8,26,17,4,5,1,0,0
"G42000300020L","1930","Pennsylvania","42","Allegheny","003",,"0020","L","Tract    0020L    in Pittsburgh PA",1836,974,595,224,43,0,428,231,195,2,6,24,21,40,64,47,18,4,1,1,5
"G42000300021A","1930","Pennsylvania","42","Allegheny","003",,"0021","A","Tract    0021A    in Pittsburgh PA",3128,1065,1114,612,329,8,723,191,529,3,0,1,8,24,75,54,16,8,2,2,1
"G42000300021B","1930","Pennsylvania","42","Allegheny","003",,"0021","B","Tract    0021B    in Pittsburgh PA",4947,1988,1750,807,402,0,1137,335,796,6,0,3,6,30,122,120,23,21,4,1,5
"G42000300021C","1930","Pennsylvania","42","Allegheny","003",,"0021","C","Tract    0021C    in Pittsburgh PA",2295,1155,767,366,7,0,544,253,289,2,1,1,4,18,107,105,12,2,1,1,1
"G42000300021D","1930","Pennsylvania","42","Allegheny","003",,"0021","D","Tract    0021D    in Pittsburgh PA",5542,2582,1594,712,652,2,1381,347,1015,19,1,2,2,12,63,93,65,86,10,13,0
"G42000300021E","1930","Pennsylvania","42","Allegheny","003",,"0021","E","Tract    0021E    in Pittsburgh PA",1022,626,204,130,61,1,254,55,196,3,0,0,0,0,3,5,17,16,9,3,2
"G42000300021F","1930","Pennsylvania","42","Allegheny","003",,"0021","F","Tract    0021F    in Pittsburgh PA",5595,1898,1985,1208,497,7,1320,323,992,5,10,5,2,22,96,80,41,42,16,9,0
"G42000300022A","1930","Pennsylvania","42","Allegheny","003",,"0022","A","Tract    0022A    in Pittsburgh PA",2866,1927,498,287,142,12,474,127,344,3,0,0,1,1,2,14,19,47,15,28,0
"G42000300022B","1930","Pennsylvania","42","Allegheny","003",,"0022","B","Tract    0022B    in Pittsburgh PA",4762,2794,1183,547,231,7,1159,231,922,6,0,2,3,2,29,70,47,44,23,11,0
"G42000300022C","1930","Pennsylvania","42","Allegheny","003",,"0022","C","Tract    0022C    in Pittsburgh PA",1721,917,515,216,71,2,454,122,327,5,0,0,0,1,16,25,20,37,11,11,1
"G42000300022D","1930","Pennsylvania","42","Allegheny","003",,"0022","D","Tract    0022D    in Pittsburgh PA",980,615,237,125,1,2,249,35,213,1,0,0,0,1,2,2,5,12,9,3,1
"G42000300022E","1930","Pennsylvania","42","Allegheny","003",,"0022","E","Tract    0022E    in Pittsburgh PA",2952,1987,617,327,17,4,640,35,591,14,0,0,0,0,4,6,2,5,10,8,0
"G42000300022F","1930","Pennsylvania","42","Allegheny","003",,"0022","F","Tract    0022F    in Pittsburgh PA",1369,511,384,147,324,3,331,72,252,7,29,3,1,9,16,9,2,2,0,1,0
"G42000300022G","1930","Pennsylvania","42","Allegheny","003",,"0022","G","Tract    0022G    in Pittsburgh PA",1220,652,312,198,52,6,288,11,273,4,1,1,0,0,0,1,1,4,1,2,0
"G42000300023A","1930","Pennsylvania","42","Allegheny","003",,"0023","A","Tract    0023A    in Pittsburgh PA",6797,2974,2618,1183,21,1,1896,496,1392,8,3,7,11,32,138,143,74,36,17,18,17
"G42000300023B","1930","Pennsylvania","42","Allegheny","003",,"0023","B","Tract    0023B    in Pittsburgh PA",6676,3190,2294,1102,71,19,1651,363,1274,14,2,4,3,10,43,91,60,70,28,49,3
"G42000300023C","1930","Pennsylvania","42","Allegheny","003",,"0023","C","Tract    0023C    in Pittsburgh PA",3835,1074,1774,963,24,0,859,82,776,1,4,0,2,2,24,25,11,7,5,2,0
"G42000300024A","1930","Pennsylvania","42","Allegheny","003",,"0024","A","Tract    0024A    in Pittsburgh PA",6802,2972,2632,1182,16,0,1690,733,955,2,2,14,14,75,273,239,71,30,6,4,5
"G42000300024B","1930","Pennsylvania","42","Allegheny","003",,"0024","B","Tract    0024B    in Pittsburgh PA",5346,2516,1990,840,0,0,1241,471,770,0,7,15,25,46,129,150,45,43,4,7,0
"G42000300024C","1930","Pennsylvania","42","Allegheny","003",,"0024","C","Tract    0024C    in Pittsburgh PA",3757,1461,1617,666,13,0,872,426,444,2,3,2,9,31,159,159,34,22,5,1,1
"G42000300025A","1930","Pennsylvania","42","Allegheny","003",,"0025","A","Tract    0025A    in Pittsburgh PA",4185,2326,1161,474,224,0,1038,381,655,2,0,4,11,15,128,128,47,24,9,13,2
"G42000300025B","1930","Pennsylvania","42","Allegheny","003",,"0025","B","Tract    0025B    in Pittsburgh PA",8118,3626,2359,1164,969,0,2120,601,1512,7,1,5,10,31,192,211,88,49,11,3,0
"G42000300025C","1930","Pennsylvania","42","Allegheny","003",,"0025","C","Tract    0025C    in Pittsburgh PA",1652,910,525,189,28,0,442,223,207,12,2,6,2,25,86,66,21,8,5,1,1
"G42000300025D","1930","Pennsylvania","42","Allegheny","003",,"0025","D","Tract    0025D    in Pittsburgh PA",2531,1082,732,272,445,0,667,227,438,2,1,9,16,29,96,55,12,9,0,0,0
"G42000300026A","1930","Pennsylvania","42","Allegheny","003",,"0026","A","Tract    0026A    in Pittsburgh PA",2256,1085,758,247,166,0,553,345,207,1,11,2,7,23,57,73,40,64,25,42,1
"G42000300026B","1930","Pennsylvania","42","Allegheny","003",,"0026","B","Tract    0026B    in Pittsburgh PA",2159,1232,718,204,5,0,562,366,196,0,0,1,1,2,12,76,104,99,47,22,2
"G42000300026C","1930","Pennsylvania","42","Allegheny","003",,"0026","C","Tract    0026C    in Pittsburgh PA",1213,560,469,184,0,0,286,149,135,2,0,2,2,2,25,40,34,29,5,5,5
"G42000300026D","1930","Pennsylvania","42","Allegheny","003",,"0026","D","Tract    0026D    in Pittsburgh PA",1078,655,342,81,0,0,272,165,107,0,0,0,1,0,2,26,33,63,21,17,2
"G42000300026E","1930","Pennsylvania","42","Allegheny","003",,"0026","E","Tract    0026E    in Pittsburgh PA",1297,690,440,167,0,0,345,131,213,1,0,1,0,4,22,45,37,13,6,2,1
"G42000300026F","1930","Pennsylvania","42","Allegheny","003",,"0026","F","Tract    0026F    in Pittsburgh PA",1606,994,474,138,0,0,426,269,156,1,0,0,0,0,7,19,31,97,65,50,0
"G42000300026G","1930","Pennsylvania","42","Allegheny","003",,"0026","G","Tract    0026G    in Pittsburgh PA",976,464,305,99,108,0,232,108,124,0,0,0,1,2,26,28,35,8,7,1,0
"G42000300026H","1930","Pennsylvania","42","Allegheny","003",,"0026","H","Tract    0026H    in Pittsburgh PA",3840,2131,1086,370,253,0,998,495,500,3,2,2,17,15,79,143,116,82,27,12,0
"G42000300026I","1930","Pennsylvania","42","Allegheny","003",,"0026","I","Tract    0026I    in Pittsburgh PA",3045,1692,1014,317,22,0,767,386,380,1,0,1,2,17,67,128,63,68,21,15,4
"G42000300026J","1930","Pennsylvania","42","Allegheny","003",,"0026","J","Tract    0026J    in Pittsburgh PA",1869,909,671,205,84,0,458,264,194,0,3,6,6,31,75,69,33,31,2,8,0
"G42000300026K","1930","Pennsylvania","42","Allegheny","003",,"0026","K","Tract    0026K    in Pittsburgh PA",4227,1920,1633,674,0,0,940,518,417,5,1,16,23,66,198,136,37,30,3,2,6
"G42000300027A","1930","Pennsylvania","42","Allegheny","003",,"0027","A","Tract    0027A    in Pittsburgh PA",4159,2390,1303,388,78,0,1114,640,474,0,1,3,1,5,13,78,119,238,112,70,0
"G42000300027B","1930","Pennsylvania","42","Allegheny","003",,"0027","B","Tract    0027B    in Pittsburgh PA",3664,1860,1267,496,41,0,891,613,270,8,5,4,5,12,41,85,97,232,84,47,1
"G42000300027C","1930","Pennsylvania","42","Allegheny","003",,"0027","C","Tract    0027C    in Pittsburgh PA",4015,1893,1554,568,0,0,893,484,409,0,0,0,2,6,53,147,78,125,45,26,2
"G42000300027D","1930","Pennsylvania","42","Allegheny","003",,"0027","D","Tract    0027D    in Pittsburgh PA",4221,743,1769,1149,559,1,587,137,450,0,2,0,2,10,49,34,12,22,5,1,0
"G42000300027E","1930","Pennsylvania","42","Allegheny","003",,"0027","E","Tract    0027E    in Pittsburgh PA",7024,2276,3275,1472,0,1,1533,756,776,1,6,4,20,63,223,279,86,66,7,1,1
"G42000300027F","1930","Pennsylvania","42","Allegheny","003",,"0027","F","Tract    0027F    in Pittsburgh PA",2257,599,1074,584,0,0,487,259,226,2,0,1,23,53,60,87,23,10,2,0,0
"G42000300027G","1930","Pennsylvania","42","Allegheny","003",,"0027","G","Tract    0027G    in Pittsburgh PA",2899,973,1264,628,34,0,660,303,357,0,0,3,7,18,60,100,58,48,6,3,0
"G42000300028A","1930","Pennsylvania","42","Allegheny","003",,"0028","A","Tract    0028A    in Pittsburgh PA",1495,733,437,170,154,1,324,174,147,3,0,2,1,6,31,57,36,27,8,3,3
"G42000300028B","1930","Pennsylvania","42","Allegheny","003",,"0028","B","Tract    0028B    in Pittsburgh PA",1155,726,306,123,0,0,290,162,117,11,0,1,1,3,30,60,33,22,6,1,5
"G42000300028C","1930","Pennsylvania","42","Allegheny","003",,"0028","C","Tract    0028C    in Pittsburgh PA",1429,916,367,146,0,0,392,228,145,19,1,1,0,9,30,75,62,40,5,2,3
"G42000300028D","1930","Pennsylvania","42","Allegheny","003",,"0028","D","Tract    0028D    in Pittsburgh PA",1515,961,427,118,9,0,374,239,132,3,0,0,2,10,27,95,48,48,5,2,2
"G42000300028E","1930","Pennsylvania","42","Allegheny","003",,"0028","E","Tract    0028E    in Pittsburgh PA",2109,957,884,214,54,0,281,141,136,4,0,14,9,14,32,60,6,5,0,0,1
"G42000300028F","1930","Pennsylvania","42","Allegheny","003",,"0028","F","Tract    0028F    in Pittsburgh PA",1073,648,285,122,18,0,264,164,96,4,0,4,0,17,47,52,28,11,1,2,2
"G42000300029A","1930","Pennsylvania","42","Allegheny","003",,"0029","A","Tract    0029A    in Pittsburgh PA",3968,2071,1449,440,8,0,933,533,398,2,2,7,13,49,89,168,129,46,14,15,1
"G42000300029B","1930","Pennsylvania","42","Allegheny","003",,"0029","B","Tract    0029B    in Pittsburgh PA",6611,3446,2403,762,0,0,1617,986,625,6,0,1,2,46,187,360,189,124,41,34,2
"G42000300029C","1930","Pennsylvania","42","Allegheny","003",,"0029","C","Tract    0029C    in Pittsburgh PA",5454,2903,1900,648,2,1,1338,774,557,7,0,7,4,13,84,239,214,148,35,27,3
"G42000300030A","1930","Pennsylvania","42","Allegheny","003",,"0030","A","Tract    0030A    in Pittsburgh PA",8303,4745,2722,818,15,3,2026,1228,788,10,2,0,14,28,151,430,289,246,45,18,5
"G42000300031A","1930","Pennsylvania","42","Allegheny","003",,"0031","A","Tract    0031A    in Pittsburgh PA",2621,1054,1032,468,63,4,535,219,310,6,6,11,12,24,77,61,15,6,2,0,5
"G42000300031B","1930","Pennsylvania","42","Allegheny","003",,"0031","B","Tract    0031B    in Pittsburgh PA",2811,1832,698,281,0,0,672,469,198,5,2,9,28,90,130,147,28,19,13,2,1
"G42000300032A","1930","Pennsylvania","42","Allegheny","003",,"0032","A","Tract    0032A    in Pittsburgh PA",1319,775,390,154,0,0,303,198,102,3,0,1,8,41,40,48,42,14,0,0,4
"G42000300032B","1930","Pennsylvania","42","Allegheny","003",,"0032","B","Tract    0032B    in Pittsburgh PA",2041,1243,567,231,0,0,490,334,147,9,1,3,9,14,36,93,140,28,5,2,3
"G42000300032C","1930","Pennsylvania","42","Allegheny","003",,"0032","C","Tract    0032C    in Pittsburgh PA",1607,886,515,156,50,0,389,254,132,3,1,3,6,18,34,56,97,35,0,1,3
